0100
EC10
0000
E308
0085
EA87
000F
E308
0000
FCA8
FC10
ECA0
F1D0
EA88
0013
E305
0000
FCA0
EE88
000F
FC20
EA87
000F
E308
0000
FCA8
FC10
ECA0
F1D0
EA88
0023
E306
0000
FCA0
EE88
000F
FC20
EA87
000F
E308
0000
FCA8
FC10
ECA0
F1D0
EA88
0033
E303
0000
FCA0
EE88
000F
FC20
EA87
0005
EC10
0001
F1E0
FC10
000D
E308
0000
FCA8
FC10
0002
FC20
E308
EC10
0000
E7C8
0001
FC10
000E
E3A8
FC10
0004
E308
000E
FCA8
FC10
0003
E308
000E
FCA8
FC10
0002
E308
000E
FCA8
FC10
0001
E308
000D
FC20
EA87
0000
FC20
E308
0001
FC10
0000
FDE8
E308
0002
FC10
0000
FDE8
E308
0003
FC10
0000
FDE8
E308
0004
FC10
0000
FDE8
E308
0004
EC10
000D
F090
0000
F1D0
0002
E308
0000
FDD8
0001
E308
000E
FC20
EA87
0000
EC10
000D
E308
69B2
EC10
000E
E308
0091
EC10
005F
EA87
000F
EC10
0000
FDE8
ECA0
E308
0001
EC10
000D
E308
21C3
EC10
000E
E308
00A3
EC10
005F
EA87
0000
FCA8
FC10
0003
E308
0002
FC20
FC10
0000
FDE8
ECA0
E308
0000
FCA8
FC10
0003
FC20
E308
0002
FDE0
FC10
0000
FDE8
ECA0
E308
0000
FCA8
FC10
0003
FDE0
E308
0002
FDE0
EDE0
FC10
0000
FDE8
ECA0
E308
0003
FC10
000A
E090
000D
E308
0000
FCA8
FC10
000D
FC20
E308
0002
FC10
0003
E0A0
FC10
0000
FDE8
ECA0
E308
0006
EC10
0000
FDE8
ECA0
E308
0000
FCA8
FC10
ECA0
F1C8
0003
FC10
000B
E090
000D
E308
0000
FCA8
FC10
000D
FC20
E308
0002
FC10
0004
E0A0
FC10
0000
FDE8
ECA0
E308
0003
FC10
000C
E090
000D
E308
0000
FCA8
FC10
000D
FC20
E308
0002
FC10
0005
E0A0
FC10
0000
FDE8
ECA0
E308
0006
EC10
0000
FDE8
ECA0
E308
0000
FCA8
FC10
ECA0
F1C8
0003
FC10
000D
E090
000D
E308
0000
FCA8
FC10
000D
FC20
E308
0000
FDC8
FCA0
EA88
0003
FC10
000E
E090
000D
E308
0000
FCA8
FC10
000D
FC20
E308
0003
FC10
0000
FDE8
ECA0
E308
0001
EC10
000D
E308
0183
EC10
000E
E308
014D
EC10
005F
EA87
0000
FCA8
FC10
0005
E308
0003
FC10
0000
FDE8
ECA0
E308
0036
EA87
0002
FC20
FC10
0000
FDE8
ECA0
E308
0000
FCA8
FC10
0003
E308
0003
FC10
0000
FDE8
ECA0
E308
0001
EC10
000D
E308
248D
EC10
000E
E308
0178
EC10
005F
EA87
0000
FCA8
FC10
0005
E308
0000
FDC8
FCA0
EA88
0036
EA87
0002
FC20
FC10
0000
FDE8
ECA0
E308
0000
FCA8
FC10
0003
E308
0000
FDC8
FCA0
EA88
0000
FCA0
FC48
0001
EC10
000D
E308
5199
EC10
000E
E308
01A2
EC10
005F
EA87
0000
FCA8
FC10
0005
E308
0003
FC10
0000
FDE8
ECA0
E308
0001
EC10
000D
E308
0202
EC10
000E
E308
01B9
EC10
005F
EA87
0000
FCA8
FC10
0005
E308
0000
FDC8
FCA0
EA88
0036
EA87
0002
FC20
FC10
0000
FDE8
ECA0
E308
0000
FCA8
FC10
0003
E308
0000
FDC8
FCA0
EA88
0001
EC10
000D
E308
5199
EC10
000E
E308
01E0
EC10
005F
EA87
0000
FCA8
FC10
0005
E308
0003
FC10
0000
FDE8
ECA0
E308
0001
EC10
000D
E308
0202
EC10
000E
E308
01F7
EC10
005F
EA87
0000
FCA8
FC10
0005
E308
0000
FDC8
FCA0
EA88
0036
EA87
0002
FC20
FC10
0000
FDE8
ECA0
E308
0000
FCA8
FC10
0003
E308
0003
FC20
FC10
0000
FDE8
ECA0
E308
0003
FDE0
FC10
0000
FDE8
ECA0
E308
0003
FC20
FC10
0000
FDE8
ECA0
E308
0005
EC10
0000
FDE8
ECA0
E308
0000
FCA8
FC10
ECA0
F088
0003
FDE0
FC10
0000
FDE8
ECA0
E308
0005
EC10
0000
FDE8
ECA0
E308
0000
FCA8
FC10
ECA0
F088
0004
EC10
000D
E308
5752
EC10
000E
E308
024C
EC10
005F
EA87
0000
FCA8
FC10
0005
E308
0000
FDC8
FCA0
EA88
0036
EA87
0002
FC20
FC10
0000
FDE8
ECA0
E308
0000
FCA8
FC10
0003
E308
0003
FC20
FC10
0000
FDE8
ECA0
E308
0036
EA87
0002
FC20
FC10
0000
FDE8
ECA0
E308
0000
FCA8
FC10
0003
E308
0003
FC20
FC10
0000
FDE8
ECA0
E308
0005
EC10
0000
FDE8
ECA0
E308
0000
FCA8
FC10
ECA0
F088
0036
EA87
0003
EC10
E390
0000
FDE8
ECA0
EA88
028E
E301
0002
FC20
FC10
0000
FDE8
ECA0
E308
0000
FCA8
FC10
0003
E308
0002
FDE0
FC10
0000
FDE8
ECA0
E308
0003
FC20
FC10
0000
FDE8
ECA0
E308
0000
FCA8
FC10
ECA0
F1C8
0000
FCA8
FC10
0003
FDE0
EDE0
E308
0002
FDE0
EDE0
FC10
0000
FDE8
ECA0
E308
0003
FDE0
FC10
0000
FDE8
ECA0
E308
0000
FCA8
FC10
ECA0
F1C8
0000
FCA8
FC10
0003
FDE0
EDE0
EDE0
E308
0003
FDE0
EDE0
FC10
0000
FDE8
ECA0
E308
0001
EC10
000D
E308
1A76
EC10
000E
E308
02EB
EC10
005F
EA87
0000
FCA8
FC10
0001
FC20
E308
0003
FC10
0003
E0A0
FC10
0000
FDE8
ECA0
E308
0001
EC10
000D
E308
1A76
EC10
000E
E308
0306
EC10
005F
EA87
0000
FCA8
FC10
0001
FDE0
E308
0001
FC20
FC10
0000
FDE8
ECA0
E308
0001
FDE0
FC10
0000
FDE8
ECA0
E308
031E
EC10
0026
EA87
0003
FC10
0007
E090
000D
E308
0000
FCA8
FC10
000D
FC20
E308
0003
FC10
0007
E0A0
FC10
0000
FDE8
ECA0
E308
0000
FCA8
FC10
033A
E305
03A2
EA87
0001
FC20
FC10
0000
FDE8
ECA0
E308
0000
FCA8
FC10
0001
FDE0
EDE0
E308
0001
FDE0
FC10
0000
FDE8
ECA0
E308
0000
FCA8
FC10
0001
FC20
E308
0001
FDE0
EDE0
FC10
0000
FDE8
ECA0
E308
0000
FCA8
FC10
0001
FDE0
E308
0003
FDE0
FC10
0000
FDE8
ECA0
E308
0002
FDE0
EDE0
FC10
0000
FDE8
ECA0
E308
0376
EC10
0026
EA87
0003
FC10
0008
E090
000D
E308
0000
FCA8
FC10
000D
FC20
E308
0003
FC20
FC10
0000
FDE8
ECA0
E308
0002
FDE0
FC10
0000
FDE8
ECA0
E308
0394
EC10
0026
EA87
0003
FC10
0009
E090
000D
E308
0000
FCA8
FC10
000D
FC20
E308
03DF
EA87
0003
FC20
FC10
0000
FDE8
ECA0
E308
0002
FDE0
FC10
0000
FDE8
ECA0
E308
03B4
EC10
0026
EA87
0003
FC10
0008
E090
000D
E308
0000
FCA8
FC10
000D
FC20
E308
0003
FDE0
FC10
0000
FDE8
ECA0
E308
0002
FDE0
EDE0
FC10
0000
FDE8
ECA0
E308
03D3
EC10
0026
EA87
0003
FC10
0009
E090
000D
E308
0000
FCA8
FC10
000D
FC20
E308
0002
EC10
0000
FDE8
ECA0
E308
0001
FDE0
FC10
0000
FDE8
ECA0
E308
0002
EC10
000D
E308
1AA6
EC10
000E
E308
03F8
EC10
005F
EA87
0001
FC20
FC10
0000
FDE8
ECA0
E308
0000
FCA8
FC10
ECA0
F1C8
0000
FCA8
FC10
0003
FDE0
EDE0
EDE0
EDE0
E308
0002
EC10
0000
FDE8
ECA0
E308
0001
FDE0
FC10
0000
FDE8
ECA0
E308
0002
EC10
000D
E308
1AA6
EC10
000E
E308
0426
EC10
005F
EA87
0000
FCA8
FC10
0003
FDE0
EDE0
EDE0
EDE0
EDE0
E308
0002
EC10
0000
FDE8
ECA0
E308
0001
FDE0
FC10
0000
FDE8
ECA0
E308
0001
FC20
FC10
0000
FDE8
ECA0
E308
0000
FCA8
FC10
ECA0
F1C8
0002
EC10
000D
E308
1AA6
EC10
000E
E308
0455
EC10
005F
EA87
0000
FCA8
FC10
0003
FDE0
EDE0
EDE0
EDE0
EDE0
EDE0
E308
0000
FDC8
FCA0
EA88
0036
EA87
0002
FC20
FC10
0000
FDE8
ECA0
E308
0000
FCA8
FC10
0003
E308
0003
FC10
0000
FDE8
ECA0
E308
0001
EC10
000D
E308
01C4
EC10
000E
E308
0484
EC10
005F
EA87
0000
FCA8
FC10
0005
E308
0003
FC10
0004
E0A0
FC10
0000
FDE8
ECA0
E308
0000
FDC8
FCA0
EA88
049A
EC10
0026
EA87
0000
FCA8
FC10
04A1
E305
04C3
EA87
0003
FC10
0004
E0A0
FC10
0000
FDE8
ECA0
E308
0003
FC10
0005
E0A0
FC10
0000
FDE8
ECA0
E308
0000
FCA8
FC10
ECA0
F088
0000
FCA8
FC10
0003
FDE0
EDE0
EDE0
EDE0
E308
0579
EA87
0003
FC10
0004
E0A0
FC10
0000
FDE8
ECA0
E308
0003
FC10
0006
E0A0
FC10
0000
FDE8
ECA0
E308
0000
FCA8
FC10
ECA0
F088
0000
FCA8
FC10
0003
FDE0
EDE0
EDE0
EDE0
E308
0003
FC10
0009
E0A0
FC10
0000
FDE8
ECA0
E308
0000
FCA8
FC10
04F3
E305
0537
EA87
0003
FC10
0007
E0A0
FC10
0000
FDE8
ECA0
E308
0000
FCA8
FC10
0503
E305
051D
EA87
0003
FC20
FC10
0000
FDE8
ECA0
E308
0004
EC10
0000
FDE8
ECA0
E308
0000
FCA8
FC10
ECA0
F088
0000
FCA8
FC10
0003
FC20
E308
0535
EA87
0003
FDE0
FC10
0000
FDE8
ECA0
E308
0004
EC10
0000
FDE8
ECA0
E308
0000
FCA8
FC10
ECA0
F088
0000
FCA8
FC10
0003
FDE0
E308
0579
EA87
0003
FC10
0007
E0A0
FC10
0000
FDE8
ECA0
E308
0000
FCA8
FC10
0547
E305
0561
EA87
0003
FC20
FC10
0000
FDE8
ECA0
E308
0004
EC10
0000
FDE8
ECA0
E308
0000
FCA8
FC10
ECA0
F1C8
0000
FCA8
FC10
0003
FC20
E308
0579
EA87
0003
FDE0
FC10
0000
FDE8
ECA0
E308
0004
EC10
0000
FDE8
ECA0
E308
0000
FCA8
FC10
ECA0
F1C8
0000
FCA8
FC10
0003
FDE0
E308
0003
FC10
0008
E0A0
FC10
0000
FDE8
ECA0
E308
0000
FCA8
FC10
0589
E305
05CD
EA87
0003
FC10
0007
E0A0
FC10
0000
FDE8
ECA0
E308
0000
FCA8
FC10
0599
E305
05B3
EA87
0003
FDE0
FC10
0000
FDE8
ECA0
E308
0004
EC10
0000
FDE8
ECA0
E308
0000
FCA8
FC10
ECA0
F088
0000
FCA8
FC10
0003
FDE0
E308
05CB
EA87
0003
FC20
FC10
0000
FDE8
ECA0
E308
0004
EC10
0000
FDE8
ECA0
E308
0000
FCA8
FC10
ECA0
F088
0000
FCA8
FC10
0003
FC20
E308
060F
EA87
0003
FC10
0007
E0A0
FC10
0000
FDE8
ECA0
E308
0000
FCA8
FC10
05DD
E305
05F7
EA87
0003
FDE0
FC10
0000
FDE8
ECA0
E308
0004
EC10
0000
FDE8
ECA0
E308
0000
FCA8
FC10
ECA0
F1C8
0000
FCA8
FC10
0003
FDE0
E308
060F
EA87
0003
FC20
FC10
0000
FDE8
ECA0
E308
0004
EC10
0000
FDE8
ECA0
E308
0000
FCA8
FC10
ECA0
F1C8
0000
FCA8
FC10
0003
FC20
E308
0003
FC20
FC10
0000
FDE8
ECA0
E308
0003
FC10
000A
E0A0
FC10
0000
FDE8
ECA0
E308
0623
EC10
0016
EA87
0000
FCA0
FC48
0000
FCA8
FC10
062D
E305
064C
EA87
0000
FDC8
FCA0
EFC8
0003
FC10
000E
E090
000D
E308
0000
FCA8
FC10
000D
FC20
E308
0003
FC10
000A
E0A0
FC10
0000
FDE8
ECA0
E308
0000
FCA8
FC10
0003
FC20
E308
0003
FC20
FC10
0000
FDE8
ECA0
E308
0003
FC10
000B
E0A0
FC10
0000
FDE8
ECA0
E308
0660
EC10
0026
EA87
0000
FCA0
FC48
0000
FCA8
FC10
066A
E305
068B
EA87
0002
EC10
0000
FDE8
ECA0
E308
0003
FC10
000E
E090
000D
E308
0000
FCA8
FC10
000D
FC20
E308
0003
FC10
000B
E0A0
FC10
0000
FDE8
ECA0
E308
0000
FCA8
FC10
0003
FC20
E308
0003
FDE0
FC10
0000
FDE8
ECA0
E308
0003
FC10
000C
E0A0
FC10
0000
FDE8
ECA0
E308
069F
EC10
0016
EA87
0000
FCA0
FC48
0000
FCA8
FC10
06A9
E305
06CA
EA87
0003
EC10
0000
FDE8
ECA0
E308
0003
FC10
000E
E090
000D
E308
0000
FCA8
FC10
000D
FC20
E308
0003
FC10
000C
E0A0
FC10
0000
FDE8
ECA0
E308
0000
FCA8
FC10
0003
FDE0
E308
0003
FDE0
FC10
0000
FDE8
ECA0
E308
0003
FC10
000D
E0A0
FC10
0000
FDE8
ECA0
E308
06DE
EC10
0026
EA87
0000
FCA0
FC48
0000
FCA8
FC10
06E8
E305
0709
EA87
0004
EC10
0000
FDE8
ECA0
E308
0003
FC10
000E
E090
000D
E308
0000
FCA8
FC10
000D
FC20
E308
0003
FC10
000D
E0A0
FC10
0000
FDE8
ECA0
E308
0000
FCA8
FC10
0003
FDE0
E308
0003
FC10
0000
FDE8
ECA0
E308
0001
EC10
000D
E308
0183
EC10
000E
E308
071B
EC10
005F
EA87
0000
FCA8
FC10
0005
E308
0003
FC10
000E
E0A0
FC10
0000
FDE8
ECA0
E308
0036
EA87
0005
EC10
E390
0000
FDE8
ECA0
EA88
072D
E301
0002
FC20
FC10
0000
FDE8
ECA0
E308
0000
FCA8
FC10
0003
E308
0003
FDE0
EDE0
FC10
0000
FDE8
ECA0
E308
000A
EC10
0000
FDE8
ECA0
E308
0002
EC10
000D
E308
1C77
EC10
000E
E308
075A
EC10
005F
EA87
0000
FCA8
FC10
0001
FDE0
EDE0
E308
0003
FC10
0003
E0A0
FC10
0000
FDE8
ECA0
E308
000A
EC10
0000
FDE8
ECA0
E308
0002
EC10
000D
E308
1C77
EC10
000E
E308
077C
EC10
005F
EA87
0000
FCA8
FC10
0001
FDE0
EDE0
EDE0
E308
0002
FDE0
FC10
0000
FDE8
ECA0
E308
0000
FDC8
FCA0
EA88
0793
EC10
0006
EA87
0000
FCA8
FC10
079A
E305
07AB
EA87
000A
EC10
0000
FDE8
ECA0
E308
0000
FCA8
FC10
0001
FDE0
EDE0
EDE0
EDE0
E308
0826
EA87
0003
FDE0
EDE0
FC10
0000
FDE8
ECA0
E308
0000
FDC8
FCA0
EA88
07BB
EC10
0026
EA87
0000
FCA0
FC48
0002
FDE0
FC10
0000
FDE8
ECA0
E308
0000
FDC8
FCA0
EFC8
07CD
EC10
0006
EA87
0000
FCA8
FC10
ECA0
F008
0003
FDE0
EDE0
FC10
0000
FDE8
ECA0
E308
0000
FDC8
FCA0
EA88
07E2
EC10
0026
EA87
0000
FCA8
FC10
ECA0
F548
0002
FDE0
FC10
0000
FDE8
ECA0
E308
0000
FDC8
FCA0
EFC8
0000
FCA0
FC50
E7C8
07FA
EC10
0006
EA87
0000
FCA8
FC10
ECA0
F008
0000
FCA8
FC10
0806
E305
0817
EA87
0014
EC10
0000
FDE8
ECA0
E308
0000
FCA8
FC10
0001
FDE0
EDE0
EDE0
EDE0
E308
0826
EA87
0005
EC10
0000
FDE8
ECA0
E308
0000
FCA8
FC10
0001
FDE0
EDE0
EDE0
EDE0
E308
0003
FC10
000E
E0A0
FC10
0000
FDE8
ECA0
E308
0000
FDC8
FCA0
EFC8
0837
EC10
0006
EA87
0000
FCA8
FC10
083E
E305
08B3
EA87
01FA
EC10
0000
FDE8
ECA0
E308
0000
FCA8
FC10
0001
FC20
E308
0001
FC10
0003
E0A0
FC10
0000
FDE8
ECA0
E308
0032
EC10
0000
FDE8
ECA0
E308
0000
FCA0
FC50
E7C8
0002
EC10
000D
E308
1AA6
EC10
000E
E308
0869
EC10
005F
EA87
0001
FDE0
EDE0
FC10
0000
FDE8
ECA0
E308
0002
EC10
000D
E308
1C77
EC10
000E
E308
087D
EC10
005F
EA87
0000
FCA8
FC10
0001
FDE0
E308
0003
FDE0
FC10
0000
FDE8
ECA0
E308
0001
FDE0
FC10
0000
FDE8
ECA0
E308
0001
FC10
0004
E0A0
FC10
0000
FDE8
ECA0
E308
0002
EC10
000D
E308
1AA6
EC10
000E
E308
08A6
EC10
005F
EA87
0000
FCA8
FC10
ECA0
F088
0000
FCA8
FC10
0001
FDE0
E308
0A38
EA87
0003
FC10
000E
E0A0
FC10
0000
FDE8
ECA0
E308
0002
EC10
0000
FDE8
ECA0
E308
08C6
EC10
0006
EA87
0000
FCA8
FC10
08CD
E305
093C
EA87
0000
FDC8
FCA0
EA88
0000
FCA8
FC10
0001
FC20
E308
0001
FC10
0003
E0A0
FC10
0000
FDE8
ECA0
E308
0032
EC10
0000
FDE8
ECA0
E308
0002
EC10
000D
E308
1AA6
EC10
000E
E308
08F2
EC10
005F
EA87
0001
FDE0
EDE0
FC10
0000
FDE8
ECA0
E308
0002
EC10
000D
E308
1C77
EC10
000E
E308
0906
EC10
005F
EA87
0000
FCA8
FC10
0001
FDE0
E308
0003
FDE0
FC10
0000
FDE8
ECA0
E308
0001
FDE0
FC10
0000
FDE8
ECA0
E308
0001
FC10
0004
E0A0
FC10
0000
FDE8
ECA0
E308
0002
EC10
000D
E308
1AA6
EC10
000E
E308
092F
EC10
005F
EA87
0000
FCA8
FC10
ECA0
F088
0000
FCA8
FC10
0001
FDE0
E308
0A38
EA87
0003
FC10
000E
E0A0
FC10
0000
FDE8
ECA0
E308
0003
EC10
0000
FDE8
ECA0
E308
094F
EC10
0006
EA87
0000
FCA8
FC10
0956
E305
09CB
EA87
00FA
EC10
0000
FDE8
ECA0
E308
0000
FCA8
FC10
0001
FDE0
E308
0001
FDE0
EDE0
FC10
0000
FDE8
ECA0
E308
0019
EC10
0000
FDE8
ECA0
E308
0000
FCA0
FC50
E7C8
0002
EC10
000D
E308
1AA6
EC10
000E
E308
0980
EC10
005F
EA87
0001
FC10
0003
E0A0
FC10
0000
FDE8
ECA0
E308
0002
EC10
000D
E308
1C77
EC10
000E
E308
0995
EC10
005F
EA87
0000
FCA8
FC10
0001
FC20
E308
0003
FC20
FC10
0000
FDE8
ECA0
E308
0001
FC20
FC10
0000
FDE8
ECA0
E308
0001
FC10
0004
E0A0
FC10
0000
FDE8
ECA0
E308
0002
EC10
000D
E308
1AA6
EC10
000E
E308
09BE
EC10
005F
EA87
0000
FCA8
FC10
ECA0
F088
0000
FCA8
FC10
0001
FC20
E308
0A38
EA87
0000
FDC8
FCA0
EA88
0000
FCA8
FC10
0001
FDE0
E308
0001
FDE0
EDE0
FC10
0000
FDE8
ECA0
E308
0019
EC10
0000
FDE8
ECA0
E308
0002
EC10
000D
E308
1AA6
EC10
000E
E308
09EF
EC10
005F
EA87
0001
FC10
0003
E0A0
FC10
0000
FDE8
ECA0
E308
0002
EC10
000D
E308
1C77
EC10
000E
E308
0A04
EC10
005F
EA87
0000
FCA8
FC10
0001
FC20
E308
0003
FC20
FC10
0000
FDE8
ECA0
E308
0001
FC20
FC10
0000
FDE8
ECA0
E308
0001
FC10
0004
E0A0
FC10
0000
FDE8
ECA0
E308
0002
EC10
000D
E308
1AA6
EC10
000E
E308
0A2D
EC10
005F
EA87
0000
FCA8
FC10
ECA0
F088
0000
FCA8
FC10
0001
FC20
E308
0003
FC10
0000
FDE8
ECA0
E308
0001
FC20
FC10
0000
FDE8
ECA0
E308
0001
FDE0
FC10
0000
FDE8
ECA0
E308
0003
EC10
000D
E308
028C
EC10
000E
E308
0A58
EC10
005F
EA87
0000
FCA8
FC10
0005
E308
0000
FDC8
FCA0
EA88
0036
EA87
0005
EC10
0000
FDE8
ECA0
E308
0001
EC10
000D
E308
21C3
EC10
000E
E308
0A75
EC10
005F
EA87
0000
FCA8
FC10
0003
E308
0002
FC20
FC10
0000
FDE8
ECA0
E308
0000
FCA8
FC10
0003
FC20
E308
0002
FDE0
FC10
0000
FDE8
ECA0
E308
0000
FCA8
FC10
0003
FDE0
E308
0002
FDE0
EDE0
FC10
0000
FDE8
ECA0
E308
0000
FCA8
FC10
0003
FDE0
EDE0
E308
0002
FC10
0003
E0A0
FC10
0000
FDE8
ECA0
E308
0000
FCA8
FC10
0003
FDE0
EDE0
EDE0
E308
0002
EC10
0000
FDE8
ECA0
E308
0000
FCA8
FC10
0003
FDE0
EDE0
EDE0
EDE0
E308
0003
FC10
0000
FDE8
ECA0
E308
0001
EC10
000D
E308
0B0B
EC10
000E
E308
0AD5
EC10
005F
EA87
0000
FCA8
FC10
0005
E308
0003
FC10
0000
FDE8
ECA0
E308
0036
EA87
0002
FC20
FC10
0000
FDE8
ECA0
E308
0000
FCA8
FC10
0003
E308
0003
FC10
0000
FDE8
ECA0
E308
0001
EC10
000D
E308
248D
EC10
000E
E308
0B00
EC10
005F
EA87
0000
FCA8
FC10
0005
E308
0000
FDC8
FCA0
EA88
0036
EA87
0002
FC20
FC10
0000
FDE8
ECA0
E308
0000
FCA8
FC10
0003
E308
0000
FDC8
FCA0
EA88
0000
FCA0
FC48
0001
EC10
000D
E308
5199
EC10
000E
E308
0B2A
EC10
005F
EA87
0000
FCA8
FC10
0005
E308
0003
FC10
0000
FDE8
ECA0
E308
0001
EC10
000D
E308
0B8A
EC10
000E
E308
0B41
EC10
005F
EA87
0000
FCA8
FC10
0005
E308
0000
FDC8
FCA0
EA88
0036
EA87
0002
FC20
FC10
0000
FDE8
ECA0
E308
0000
FCA8
FC10
0003
E308
0000
FDC8
FCA0
EA88
0001
EC10
000D
E308
5199
EC10
000E
E308
0B68
EC10
005F
EA87
0000
FCA8
FC10
0005
E308
0003
FC10
0000
FDE8
ECA0
E308
0001
EC10
000D
E308
0B8A
EC10
000E
E308
0B7F
EC10
005F
EA87
0000
FCA8
FC10
0005
E308
0000
FDC8
FCA0
EA88
0036
EA87
0002
FC20
FC10
0000
FDE8
ECA0
E308
0000
FCA8
FC10
0003
E308
0003
FC20
FC10
0000
FDE8
ECA0
E308
0003
FDE0
FC10
0000
FDE8
ECA0
E308
0003
FC20
FC10
0000
FDE8
ECA0
E308
0003
FDE0
EDE0
FC10
0000
FDE8
ECA0
E308
0000
FCA8
FC10
ECA0
F088
0003
FDE0
FC10
0000
FDE8
ECA0
E308
0003
FC10
0003
E0A0
FC10
0000
FDE8
ECA0
E308
0000
FCA8
FC10
ECA0
F088
0004
EC10
000D
E308
5752
EC10
000E
E308
0BD9
EC10
005F
EA87
0000
FCA8
FC10
0005
E308
0000
FDC8
FCA0
EA88
0036
EA87
0002
FC20
FC10
0000
FDE8
ECA0
E308
0000
FCA8
FC10
0003
E308
0002
FDE0
FC10
0000
FDE8
ECA0
E308
0000
FCA8
FC10
0003
FDE0
EDE0
EDE0
EDE0
E308
0000
FDC8
FCA0
EA88
0036
EA87
0002
FC20
FC10
0000
FDE8
ECA0
E308
0000
FCA8
FC10
0003
E308
0003
FC20
FC10
0000
FDE8
ECA0
E308
0036
EA87
0002
FC20
FC10
0000
FDE8
ECA0
E308
0000
FCA8
FC10
0003
E308
0003
FC20
FC10
0000
FDE8
ECA0
E308
0003
FDE0
EDE0
FC10
0000
FDE8
ECA0
E308
0000
FCA8
FC10
ECA0
F088
0036
EA87
0002
FC20
FC10
0000
FDE8
ECA0
E308
0000
FCA8
FC10
0003
E308
0003
FC10
0000
FDE8
ECA0
E308
0001
EC10
000D
E308
0B4C
EC10
000E
E308
0C5B
EC10
005F
EA87
0000
FCA8
FC10
0005
E308
0002
FDE0
FC10
0000
FDE8
ECA0
E308
0000
FCA8
FC10
0003
FDE0
EDE0
E308
0003
FC10
0000
FDE8
ECA0
E308
0001
EC10
000D
E308
0B0B
EC10
000E
E308
0C80
EC10
005F
EA87
0000
FCA8
FC10
0005
E308
0000
FDC8
FCA0
EA88
0036
EA87
0002
FC20
FC10
0000
FDE8
ECA0
E308
0000
FCA8
FC10
0003
E308
0003
FC10
0004
E0A0
FC10
0000
FDE8
ECA0
E308
0000
FDC8
FCA0
EFC8
0CA8
EC10
0006
EA87
0000
FCA8
FC10
0CAF
E305
0DC5
EA87
0003
FC20
FC10
0000
FDE8
ECA0
E308
0004
EC10
0000
FDE8
ECA0
E308
0000
FCA8
FC10
ECA0
F1C8
0000
FCA8
FC10
0003
FC20
E308
0003
FC20
FC10
0000
FDE8
ECA0
E308
0000
FDC8
FCA0
EA88
0CD6
EC10
0026
EA87
0000
FCA8
FC10
0CDD
E305
0CE7
EA87
0000
FDC8
FCA0
EA88
0000
FCA8
FC10
0003
FC20
E308
0000
FDC8
FCA0
EA88
0001
EC10
000D
E308
5199
EC10
000E
E308
0CF7
EC10
005F
EA87
0000
FCA8
FC10
0005
E308
0003
FC20
FC10
0000
FDE8
ECA0
E308
0003
FDE0
EDE0
FC10
0000
FDE8
ECA0
E308
0000
FCA8
FC10
ECA0
F088
0000
FDC8
FCA0
EFC8
0000
FCA8
FC10
ECA0
F088
0003
FDE0
FC10
0000
FDE8
ECA0
E308
0003
FC20
FC10
0000
FDE8
ECA0
E308
0003
FDE0
EDE0
FC10
0000
FDE8
ECA0
E308
0000
FCA8
FC10
ECA0
F088
0004
EC10
0000
FDE8
ECA0
E308
0000
FCA8
FC10
ECA0
F088
0003
FDE0
FC10
0000
FDE8
ECA0
E308
0003
FC10
0003
E0A0
FC10
0000
FDE8
ECA0
E308
0000
FCA8
FC10
ECA0
F088
0004
EC10
000D
E308
5752
EC10
000E
E308
0D60
EC10
005F
EA87
0000
FCA8
FC10
0005
E308
0000
FDC8
FCA0
EA88
0000
FCA0
FC48
0001
EC10
000D
E308
5199
EC10
000E
E308
0D78
EC10
005F
EA87
0000
FCA8
FC10
0005
E308
0003
FC20
FC10
0000
FDE8
ECA0
E308
0003
FDE0
FC10
0000
FDE8
ECA0
E308
0003
FC20
FC10
0000
FDE8
ECA0
E308
0003
EC10
0000
FDE8
ECA0
E308
0000
FCA8
FC10
ECA0
F088
0003
FDE0
FC10
0000
FDE8
ECA0
E308
0003
FC10
0003
E0A0
FC10
0000
FDE8
ECA0
E308
0000
FCA8
FC10
ECA0
F088
0004
EC10
000D
E308
5752
EC10
000E
E308
0DBE
EC10
005F
EA87
0000
FCA8
FC10
0005
E308
0EF7
EA87
0003
FC20
FC10
0000
FDE8
ECA0
E308
0004
EC10
0000
FDE8
ECA0
E308
0000
FCA8
FC10
ECA0
F088
0000
FCA8
FC10
0003
FC20
E308
0003
FC20
FC10
0000
FDE8
ECA0
E308
0003
FDE0
EDE0
FC10
0000
FDE8
ECA0
E308
0000
FCA8
FC10
ECA0
F088
01FF
EC10
0000
FDE8
ECA0
E308
0DFB
EC10
0016
EA87
0000
FCA8
FC10
0E02
E305
0E1B
EA87
01FF
EC10
0000
FDE8
ECA0
E308
0003
FDE0
EDE0
FC10
0000
FDE8
ECA0
E308
0000
FCA8
FC10
ECA0
F1C8
0000
FCA8
FC10
0003
FC20
E308
0000
FDC8
FCA0
EA88
0001
EC10
000D
E308
5199
EC10
000E
E308
0E2B
EC10
005F
EA87
0000
FCA8
FC10
0005
E308
0003
FC20
FC10
0000
FDE8
ECA0
E308
0004
EC10
0000
FDE8
ECA0
E308
0000
FCA8
FC10
ECA0
F1C8
0003
FDE0
FC10
0000
FDE8
ECA0
E308
0003
FC20
FC10
0000
FDE8
ECA0
E308
0000
FDC8
FCA0
EFC8
0000
FCA8
FC10
ECA0
F1C8
0003
FDE0
FC10
0000
FDE8
ECA0
E308
0003
FC10
0003
E0A0
FC10
0000
FDE8
ECA0
E308
0000
FCA8
FC10
ECA0
F088
0004
EC10
000D
E308
5752
EC10
000E
E308
0E7A
EC10
005F
EA87
0000
FCA8
FC10
0005
E308
0000
FDC8
FCA0
EA88
0000
FCA0
FC48
0001
EC10
000D
E308
5199
EC10
000E
E308
0E92
EC10
005F
EA87
0000
FCA8
FC10
0005
E308
0003
FC20
FC10
0000
FDE8
ECA0
E308
0003
FDE0
EDE0
FC10
0000
FDE8
ECA0
E308
0000
FCA8
FC10
ECA0
F088
0003
EC10
0000
FDE8
ECA0
E308
0000
FCA8
FC10
ECA0
F1C8
0003
FDE0
FC10
0000
FDE8
ECA0
E308
0003
FC20
FC10
0000
FDE8
ECA0
E308
0003
FDE0
EDE0
FC10
0000
FDE8
ECA0
E308
0000
FCA8
FC10
ECA0
F088
0003
FDE0
FC10
0000
FDE8
ECA0
E308
0003
FC10
0003
E0A0
FC10
0000
FDE8
ECA0
E308
0000
FCA8
FC10
ECA0
F088
0004
EC10
000D
E308
5752
EC10
000E
E308
0EF2
EC10
005F
EA87
0000
FCA8
FC10
0005
E308
0000
FDC8
FCA0
EA88
0036
EA87
0000
FDE8
ECA0
EA88
0000
EC10
000D
E308
119C
EC10
000E
E308
0F0D
EC10
005F
EA87
0000
FCA8
FC10
0005
E308
0000
EC10
000D
E308
11B3
EC10
000E
E308
0F1E
EC10
005F
EA87
0000
FCA8
FC10
0001
FC20
E308
0001
FC20
FC10
0000
FDE8
ECA0
E308
0001
EC10
000D
E308
11BB
EC10
000E
E308
0F37
EC10
005F
EA87
0000
FCA8
FC10
0005
E308
0001
FC20
FC10
0000
FDE8
ECA0
E308
0001
EC10
000D
E308
1143
EC10
000E
E308
0F4F
EC10
005F
EA87
0000
FCA8
FC10
0005
E308
0000
FDC8
FCA0
EA88
0036
EA87
0007
EC10
0000
FDE8
ECA0
E308
0001
EC10
000D
E308
21C3
EC10
000E
E308
0F6C
EC10
005F
EA87
0000
FCA8
FC10
0003
E308
0000
EC10
000D
E308
5076
EC10
000E
E308
0F7D
EC10
005F
EA87
0000
FCA8
FC10
0005
E308
0032
EC10
0000
FDE8
ECA0
E308
0000
FCA8
FC10
0003
FDE0
EDE0
EDE0
EDE0
EDE0
EDE0
E308
00E6
EC10
0000
FDE8
ECA0
E308
00E5
EC10
0000
FDE8
ECA0
E308
0003
FC10
0006
E0A0
FC10
0000
FDE8
ECA0
E308
0007
EC10
0000
FDE8
ECA0
E308
0004
EC10
000D
E308
0A63
EC10
000E
E308
0FBA
EC10
005F
EA87
0000
FCA8
FC10
0003
FC20
E308
00FD
EC10
0000
FDE8
ECA0
E308
00DE
EC10
0000
FDE8
ECA0
E308
0000
FDC8
FCA0
EA88
01FF
EC10
0000
FDE8
ECA0
E308
0000
FDC8
FCA0
EA88
00E5
EC10
0000
FDE8
ECA0
E308
0006
EC10
000D
E308
0091
EC10
000E
E308
0FEC
EC10
005F
EA87
0000
FCA8
FC10
0003
FDE0
E308
0003
FDE0
FC10
0000
FDE8
ECA0
E308
0190
EC10
0000
FDE8
ECA0
E308
0000
FDC8
FCA0
EA88
0003
EC10
000D
E308
028C
EC10
000E
E308
100F
EC10
005F
EA87
0000
FCA8
FC10
0005
E308
0000
FDC8
FCA0
EA88
00EE
EC10
0000
FDE8
ECA0
E308
01FF
EC10
0000
FDE8
ECA0
E308
00F0
EC10
0000
FDE8
ECA0
E308
0004
EC10
000D
E308
5752
EC10
000E
E308
1036
EC10
005F
EA87
0000
FCA8
FC10
0005
E308
0016
EC10
0000
FDE8
ECA0
E308
0000
FDC8
FCA0
EA88
0002
EC10
000D
E308
4B96
EC10
000E
E308
1051
EC10
005F
EA87
0000
FCA8
FC10
0005
E308
0008
EC10
0000
FDE8
ECA0
E308
0001
EC10
000D
E308
6211
EC10
000E
E308
1068
EC10
005F
EA87
0053
EC10
0000
FDE8
ECA0
E308
0002
EC10
000D
E308
643B
EC10
000E
E308
107A
EC10
005F
EA87
0063
EC10
0000
FDE8
ECA0
E308
0002
EC10
000D
E308
643B
EC10
000E
E308
108C
EC10
005F
EA87
006F
EC10
0000
FDE8
ECA0
E308
0002
EC10
000D
E308
643B
EC10
000E
E308
109E
EC10
005F
EA87
0072
EC10
0000
FDE8
ECA0
E308
0002
EC10
000D
E308
643B
EC10
000E
E308
10B0
EC10
005F
EA87
0065
EC10
0000
FDE8
ECA0
E308
0002
EC10
000D
E308
643B
EC10
000E
E308
10C2
EC10
005F
EA87
003A
EC10
0000
FDE8
ECA0
E308
0002
EC10
000D
E308
643B
EC10
000E
E308
10D4
EC10
005F
EA87
0020
EC10
0000
FDE8
ECA0
E308
0002
EC10
000D
E308
643B
EC10
000E
E308
10E6
EC10
005F
EA87
0030
EC10
0000
FDE8
ECA0
E308
0002
EC10
000D
E308
643B
EC10
000E
E308
10F8
EC10
005F
EA87
0001
EC10
000D
E308
4D8A
EC10
000E
E308
1104
EC10
005F
EA87
0000
FCA8
FC10
0005
E308
0000
FDC8
FCA0
EA88
0000
FCA8
FC10
0003
FDE0
EDE0
EDE0
E308
0000
FDC8
FCA0
EA88
0000
FCA8
FC10
0003
FDE0
EDE0
EDE0
EDE0
E308
0000
FDC8
FCA0
EA88
0000
FCA8
FC10
0003
FDE0
EDE0
E308
0000
FDC8
FCA0
EA88
0000
FCA8
FC10
0003
FDE0
EDE0
EDE0
EDE0
EDE0
E308
0003
FC10
0000
FDE8
ECA0
E308
0036
EA87
0002
FC20
FC10
0000
FDE8
ECA0
E308
0000
FCA8
FC10
0003
E308
0003
FC20
FC10
0000
FDE8
ECA0
E308
0001
EC10
000D
E308
0AE2
EC10
000E
E308
1162
EC10
005F
EA87
0000
FCA8
FC10
0005
E308
0003
FDE0
FC10
0000
FDE8
ECA0
E308
0001
EC10
000D
E308
015A
EC10
000E
E308
117A
EC10
005F
EA87
0000
FCA8
FC10
0005
E308
0003
FC10
0000
FDE8
ECA0
E308
0001
EC10
000D
E308
248D
EC10
000E
E308
1191
EC10
005F
EA87
0000
FCA8
FC10
0005
E308
0000
FDC8
FCA0
EA88
0036
EA87
0000
EC10
000D
E308
0F5A
EC10
000E
E308
11A8
EC10
005F
EA87
0000
FCA8
FC10
0010
E308
0000
FDC8
FCA0
EA88
0036
EA87
0010
FC10
0000
FDE8
ECA0
E308
0036
EA87
0000
FDE8
ECA0
EA88
0002
FC20
FC10
0000
FDE8
ECA0
E308
0000
FCA8
FC10
0003
E308
0003
FC10
0003
E0A0
FC10
0000
FDE8
ECA0
E308
0000
FCA0
FC48
0000
FCA0
FC48
0000
FCA8
FC10
134F
E305
0001
FC20
FC10
0000
FDE8
ECA0
E308
0000
FDC8
FCA0
EA88
11EE
EC10
0006
EA87
0003
FC10
0003
E0A0
FC10
0000
FDE8
ECA0
E308
0000
FCA0
FC48
0000
FCA8
FC10
ECA0
F008
0000
FCA0
FC48
0000
FCA8
FC10
124A
E305
0000
EC10
000D
E308
1724
EC10
000E
E308
1213
EC10
005F
EA87
0000
FCA8
FC10
0001
FC20
E308
0003
FC20
FC10
0000
FDE8
ECA0
E308
0001
EC10
000D
E308
0C8B
EC10
000E
E308
122C
EC10
005F
EA87
0000
FCA8
FC10
0005
E308
0003
FC10
0000
FDE8
ECA0
E308
0001
EC10
000D
E308
1447
EC10
000E
E308
1243
EC10
005F
EA87
0000
FCA8
FC10
0005
E308
11DF
EA87
0001
FC20
FC10
0000
FDE8
ECA0
E308
0082
EC10
0000
FDE8
ECA0
E308
125B
EC10
0006
EA87
0000
FCA8
FC10
1262
E305
1280
EA87
0003
FC20
FC10
0000
FDE8
ECA0
E308
0000
FDC8
FCA0
EFC8
0002
EC10
000D
E308
0BE4
EC10
000E
E308
1279
EC10
005F
EA87
0000
FCA8
FC10
0005
E308
12DF
EA87
0001
FC20
FC10
0000
FDE8
ECA0
E308
0084
EC10
0000
FDE8
ECA0
E308
1291
EC10
0006
EA87
0000
FCA8
FC10
1298
E305
12B8
EA87
0003
FC20
FC10
0000
FDE8
ECA0
E308
0002
EC10
0000
FDE8
ECA0
E308
0002
EC10
000D
E308
0BE4
EC10
000E
E308
12B1
EC10
005F
EA87
0000
FCA8
FC10
0005
E308
12DF
EA87
0001
FC20
FC10
0000
FDE8
ECA0
E308
008C
EC10
0000
FDE8
ECA0
E308
12C9
EC10
0006
EA87
0000
FCA8
FC10
12D0
E305
12DF
EA87
0000
FDC8
FCA0
EA88
0000
FCA0
FC48
0000
FCA8
FC10
0003
FDE0
EDE0
EDE0
E308
0001
FC20
FC10
0000
FDE8
ECA0
E308
0000
FDC8
FCA0
EA88
12EE
EC10
0006
EA87
0000
FCA0
FC48
0003
FC10
0003
E0A0
FC10
0000
FDE8
ECA0
E308
0000
FCA0
FC48
0000
FCA8
FC10
ECA0
F008
0000
FCA0
FC48
0000
FCA8
FC10
134D
E305
0000
EC10
000D
E308
1724
EC10
000E
E308
1316
EC10
005F
EA87
0000
FCA8
FC10
0001
FC20
E308
0003
FC20
FC10
0000
FDE8
ECA0
E308
0001
EC10
000D
E308
0C8B
EC10
000E
E308
132F
EC10
005F
EA87
0000
FCA8
FC10
0005
E308
0003
FC10
0000
FDE8
ECA0
E308
0001
EC10
000D
E308
1447
EC10
000E
E308
1346
EC10
005F
EA87
0000
FCA8
FC10
0005
E308
12DF
EA87
11CB
EA87
0003
FC10
0003
E0A0
FC10
0000
FDE8
ECA0
E308
0000
FCA8
FC10
135F
E305
1441
EA87
000A
EC10
0000
FDE8
ECA0
E308
001B
EC10
0000
FDE8
ECA0
E308
0002
EC10
000D
E308
4B96
EC10
000E
E308
1377
EC10
005F
EA87
0000
FCA8
FC10
0005
E308
0009
EC10
0000
FDE8
ECA0
E308
0001
EC10
000D
E308
6211
EC10
000E
E308
138E
EC10
005F
EA87
0047
EC10
0000
FDE8
ECA0
E308
0002
EC10
000D
E308
643B
EC10
000E
E308
13A0
EC10
005F
EA87
0061
EC10
0000
FDE8
ECA0
E308
0002
EC10
000D
E308
643B
EC10
000E
E308
13B2
EC10
005F
EA87
006D
EC10
0000
FDE8
ECA0
E308
0002
EC10
000D
E308
643B
EC10
000E
E308
13C4
EC10
005F
EA87
0065
EC10
0000
FDE8
ECA0
E308
0002
EC10
000D
E308
643B
EC10
000E
E308
13D6
EC10
005F
EA87
0020
EC10
0000
FDE8
ECA0
E308
0002
EC10
000D
E308
643B
EC10
000E
E308
13E8
EC10
005F
EA87
004F
EC10
0000
FDE8
ECA0
E308
0002
EC10
000D
E308
643B
EC10
000E
E308
13FA
EC10
005F
EA87
0076
EC10
0000
FDE8
ECA0
E308
0002
EC10
000D
E308
643B
EC10
000E
E308
140C
EC10
005F
EA87
0065
EC10
0000
FDE8
ECA0
E308
0002
EC10
000D
E308
643B
EC10
000E
E308
141E
EC10
005F
EA87
0072
EC10
0000
FDE8
ECA0
E308
0002
EC10
000D
E308
643B
EC10
000E
E308
1430
EC10
005F
EA87
0001
EC10
000D
E308
4D8A
EC10
000E
E308
143C
EC10
005F
EA87
0000
FCA8
FC10
0005
E308
0000
FDC8
FCA0
EA88
0036
EA87
0005
EC10
E390
0000
FDE8
ECA0
EA88
1449
E301
0002
FC20
FC10
0000
FDE8
ECA0
E308
0000
FCA8
FC10
0003
E308
0003
FDE0
FC10
0000
FDE8
ECA0
E308
0001
EC10
000D
E308
0466
EC10
000E
E308
146F
EC10
005F
EA87
0000
FCA8
FC10
0003
FDE0
EDE0
E308
0003
FDE0
EDE0
FC10
0000
FDE8
ECA0
E308
0000
FDC8
FCA0
EA88
1486
EC10
0016
EA87
0003
FDE0
EDE0
FC10
0000
FDE8
ECA0
E308
0003
FC10
0005
E0A0
FC10
0000
FDE8
ECA0
E308
149B
EC10
0006
EA87
0000
FCA0
FC48
0000
FCA8
FC10
ECA0
F008
0000
FCA8
FC10
14AA
E305
16AA
EA87
0003
FDE0
EDE0
FC10
0000
FDE8
ECA0
E308
0000
FCA8
FC10
0003
FDE0
EDE0
EDE0
EDE0
EDE0
E308
0000
FDC8
FCA0
EA88
0000
FCA8
FC10
0001
FC20
E308
0003
FC20
FC10
0000
FDE8
ECA0
E308
0001
EC10
000D
E308
0C06
EC10
000E
E308
14D9
EC10
005F
EA87
0000
FCA8
FC10
0001
FDE0
E308
0003
FC20
FC10
0000
FDE8
ECA0
E308
0001
EC10
000D
E308
0C1B
EC10
000E
E308
14F2
EC10
005F
EA87
0000
FCA8
FC10
0001
FDE0
EDE0
E308
0003
FDE0
FC10
0000
FDE8
ECA0
E308
0001
EC10
000D
E308
0257
EC10
000E
E308
150C
EC10
005F
EA87
0000
FCA8
FC10
0001
FDE0
EDE0
EDE0
E308
0003
FDE0
FC10
0000
FDE8
ECA0
E308
0001
EC10
000D
E308
026C
EC10
000E
E308
1527
EC10
005F
EA87
0000
FCA8
FC10
0001
FDE0
EDE0
EDE0
EDE0
E308
0003
FDE0
EDE0
FC10
0000
FDE8
ECA0
E308
0004
EC10
0000
FDE8
ECA0
E308
1542
EC10
0006
EA87
0000
FCA8
FC10
1549
E305
168B
EA87
0001
FDE0
FC10
0000
FDE8
ECA0
E308
0001
FC10
0004
E0A0
FC10
0000
FDE8
ECA0
E308
155D
EC10
0016
EA87
0001
FDE0
EDE0
FC10
0000
FDE8
ECA0
E308
0001
FC10
0003
E0A0
FC10
0000
FDE8
ECA0
E308
1572
EC10
0026
EA87
0000
FCA8
FC10
ECA0
F548
0000
FCA8
FC10
0003
FDE0
EDE0
EDE0
E308
0003
FC10
0003
E0A0
FC10
0000
FDE8
ECA0
E308
0000
FCA0
FC48
0000
FCA8
FC10
1592
E305
168B
EA87
0001
FC10
0004
E0A0
FC10
0000
FDE8
ECA0
E308
0001
FDE0
FC10
0000
FDE8
ECA0
E308
000A
EC10
0000
FDE8
ECA0
E308
0000
FCA8
FC10
ECA0
F088
15B1
EC10
0026
EA87
0000
FCA8
FC10
15B8
E305
15C8
EA87
0000
FDC8
FCA0
EFC8
0000
FCA0
FC50
E7C8
0000
FCA8
FC10
0001
FC20
E308
15F9
EA87
0001
FC10
0003
E0A0
FC10
0000
FDE8
ECA0
E308
0001
FDE0
EDE0
FC10
0000
FDE8
ECA0
E308
000A
EC10
0000
FDE8
ECA0
E308
0000
FCA8
FC10
ECA0
F1C8
15E8
EC10
0016
EA87
0000
FCA8
FC10
15EF
E305
15F9
EA87
0000
FDC8
FCA0
EFC8
0000
FCA8
FC10
0001
FC20
E308
0003
FC10
0006
E0A0
FC10
0000
FDE8
ECA0
E308
0002
EC10
0000
FDE8
ECA0
E308
0000
FCA8
FC10
ECA0
F1C8
0000
FCA8
FC10
0003
FDE0
EDE0
EDE0
EDE0
EDE0
EDE0
E308
0003
FC20
FC10
0000
FDE8
ECA0
E308
0003
FC10
0006
E0A0
FC10
0000
FDE8
ECA0
E308
0002
EC10
000D
E308
0C3D
EC10
000E
E308
1634
EC10
005F
EA87
0000
FCA8
FC10
0005
E308
0003
FC10
0004
E0A0
FC10
0000
FDE8
ECA0
E308
0000
FDC8
FCA0
EFC8
0000
FCA8
FC10
ECA0
F088
0000
FCA8
FC10
0003
FDE0
EDE0
EDE0
EDE0
E308
0016
EC10
0000
FDE8
ECA0
E308
0007
EC10
0000
FDE8
ECA0
E308
0002
EC10
000D
E308
4B96
EC10
000E
E308
166C
EC10
005F
EA87
0000
FCA8
FC10
0005
E308
0003
FC10
0004
E0A0
FC10
0000
FDE8
ECA0
E308
0001
EC10
000D
E308
4E0D
EC10
000E
E308
1686
EC10
005F
EA87
0000
FCA8
FC10
0005
E308
0003
FDE0
FC10
0000
FDE8
ECA0
E308
0001
FC20
FC10
0000
FDE8
ECA0
E308
0002
EC10
000D
E308
072B
EC10
000E
E308
16A5
EC10
005F
EA87
0000
FCA8
FC10
0005
E308
0000
FDC8
FCA0
EA88
0036
EA87
0002
FC20
FC10
0000
FDE8
ECA0
E308
0000
FDC8
FCA0
EA88
16BF
EC10
0016
EA87
0000
FCA0
FC48
0000
FCA8
FC10
16C9
E305
16E0
EA87
0002
EC10
0000
FDE8
ECA0
E308
0001
EC10
000D
E308
6AD9
EC10
000E
E308
16DB
EC10
005F
EA87
0000
FCA8
FC10
0005
E308
0002
FC20
FC10
0000
FDE8
ECA0
E308
0001
EC10
000D
E308
21C3
EC10
000E
E308
16F3
EC10
005F
EA87
0036
EA87
0002
FC20
FC10
0000
FDE8
ECA0
E308
0000
FCA8
FC10
0003
E308
0003
FC10
0000
FDE8
ECA0
E308
0001
EC10
000D
E308
248D
EC10
000E
E308
1713
EC10
005F
EA87
0000
FCA8
FC10
0005
E308
0000
FDC8
FCA0
EA88
0036
EA87
0000
FDC8
FCA0
EA88
0036
EA87
6000
EC10
0000
FDE8
ECA0
E308
0001
EC10
000D
E308
216E
EC10
000E
E308
1736
EC10
005F
EA87
0036
EA87
0000
FC20
EA88
EDF0
EA88
0000
E7C8
0000
FDC8
FCA0
EA88
0001
EC10
000D
E308
4C9A
EC10
000E
E308
174F
EC10
005F
EA87
0000
FCA8
FC10
0005
E308
0001
FDE0
FC10
0000
FDE8
ECA0
E308
0000
FDC8
FCA0
EA88
1763
EC10
0006
EA87
0001
FC20
FC10
0000
FDE8
ECA0
E308
0000
FDC8
FCA0
EA88
1772
EC10
0016
EA87
0000
FCA8
FC10
ECA0
F548
0000
FCA0
FC48
0000
FCA8
FC10
17B6
E305
0000
EC10
000D
E308
1724
EC10
000E
E308
178B
EC10
005F
EA87
0000
FCA8
FC10
0001
FC20
E308
0001
FC20
FC10
0000
FDE8
ECA0
E308
0000
FDC8
FCA0
EA88
17A0
EC10
0016
EA87
0000
FCA8
FC10
17A7
E305
17B4
EA87
0001
FC20
FC10
0000
FDE8
ECA0
E308
0000
FCA8
FC10
0001
FDE0
E308
1754
EA87
0000
EC10
000D
E308
69A2
EC10
000E
E308
17C2
EC10
005F
EA87
0001
EC10
000D
E308
4C9A
EC10
000E
E308
17CE
EC10
005F
EA87
0000
FCA8
FC10
0005
E308
0001
FDE0
FC10
0000
FDE8
ECA0
E308
0001
EC10
000D
E308
4C9A
EC10
000E
E308
17E6
EC10
005F
EA87
0000
FCA8
FC10
0005
E308
0001
FDE0
FC10
0000
FDE8
ECA0
E308
0036
EA87
0005
EC10
E390
0000
FDE8
ECA0
EA88
17F6
E301
0050
EC10
0000
FDE8
ECA0
E308
0001
EC10
000D
E308
6211
EC10
000E
E308
180F
EC10
005F
EA87
0000
FCA8
FC10
0001
FDE0
EDE0
EDE0
E308
0002
FC20
FC10
0000
FDE8
ECA0
E308
0001
EC10
000D
E308
4D8A
EC10
000E
E308
182A
EC10
005F
EA87
0000
FCA8
FC10
0005
E308
0000
EC10
000D
E308
699A
EC10
000E
E308
183B
EC10
005F
EA87
0000
FCA8
FC10
0001
FDE0
E308
0000
EC10
000D
E308
69A2
EC10
000E
E308
184D
EC10
005F
EA87
0000
FCA8
FC10
0001
FDE0
EDE0
E308
0001
FC10
0004
E0A0
FC10
0000
FDE8
ECA0
E308
0000
FCA0
FC48
0000
FCA0
FC48
0000
FCA8
FC10
1904
E305
0000
EC10
000D
E308
1738
EC10
000E
E308
1874
EC10
005F
EA87
0000
FCA8
FC10
0001
FC20
E308
0001
FC20
FC10
0000
FDE8
ECA0
E308
0001
FDE0
FC10
0000
FDE8
ECA0
E308
188C
EC10
0006
EA87
0000
FCA8
FC10
0001
FDE0
EDE0
EDE0
EDE0
E308
0001
FC10
0004
E0A0
FC10
0000
FDE8
ECA0
E308
0000
FCA0
FC48
0000
FCA8
FC10
18A8
E305
1902
EA87
0001
FC20
FC10
0000
FDE8
ECA0
E308
0001
FDE0
EDE0
FC10
0000
FDE8
ECA0
E308
18BB
EC10
0006
EA87
0000
FCA8
FC10
18C2
E305
18DE
EA87
0001
FC10
0003
E0A0
FC10
0000
FDE8
ECA0
E308
0001
EC10
000D
E308
64C9
EC10
000E
E308
18D7
EC10
005F
EA87
0000
FCA8
FC10
0005
E308
1902
EA87
0001
FC10
0003
E0A0
FC10
0000
FDE8
ECA0
E308
0001
FC20
FC10
0000
FDE8
ECA0
E308
0002
EC10
000D
E308
643B
EC10
000E
E308
18FA
EC10
005F
EA87
0000
FCA8
FC10
0001
FDE0
EDE0
EDE0
E308
1854
EA87
0001
FC10
0003
E0A0
FC10
0000
FDE8
ECA0
E308
0036
EA87
0000
FC20
EA88
EDF0
EA88
0000
E7C8
0002
FC20
FC10
0000
FDE8
ECA0
E308
0001
EC10
000D
E308
17F4
EC10
000E
E308
1929
EC10
005F
EA87
0000
FCA8
FC10
0001
FC20
E308
0001
FC20
FC10
0000
FDE8
ECA0
E308
0001
EC10
000D
E308
6521
EC10
000E
E308
1942
EC10
005F
EA87
0000
FCA8
FC10
0001
FDE0
E308
0001
FC20
FC10
0000
FDE8
ECA0
E308
0001
EC10
000D
E308
62A4
EC10
000E
E308
195B
EC10
005F
EA87
0000
FCA8
FC10
0005
E308
0001
FDE0
FC10
0000
FDE8
ECA0
E308
0036
EA87
0000
FDE8
ECA0
EA88
0010
EC10
0000
FDE8
ECA0
E308
0001
EC10
000D
E308
16B0
EC10
000E
E308
197F
EC10
005F
EA87
0000
FCA8
FC10
0011
E308
0010
EC10
0000
FDE8
ECA0
E308
0001
EC10
000D
E308
16B0
EC10
000E
E308
1996
EC10
005F
EA87
0000
FCA8
FC10
0012
E308
0000
FDC8
FCA0
EA88
0012
FC10
0000
FDE8
ECA0
E308
0000
FCA8
FC10
ECA0
F088
0000
FDC8
FCA0
EFC8
0000
FCA8
FC10
0005
E308
0000
FCA8
FC10
0004
E308
0005
FC10
0000
FDE8
ECA0
E308
0000
FCA8
FC10
0004
FC20
E308
0001
FC20
FC10
0000
FDE8
ECA0
E308
000F
EC10
0000
FDE8
ECA0
E308
19D5
EC10
0026
EA87
0000
FCA0
FC48
0000
FCA8
FC10
1A70
E305
0001
FC20
FC10
0000
FDE8
ECA0
E308
0000
FDC8
FCA0
EFC8
0000
FCA8
FC10
ECA0
F088
0000
FCA8
FC10
0001
FC20
E308
0001
FC20
FC10
0000
FDE8
ECA0
E308
0012
FC10
0000
FDE8
ECA0
E308
0000
FCA8
FC10
ECA0
F088
0001
FC20
FC10
0000
FDE8
ECA0
E308
0000
FDC8
FCA0
EFC8
0000
FCA8
FC10
ECA0
F1C8
0012
FC10
0000
FDE8
ECA0
E308
0000
FCA8
FC10
ECA0
F088
0000
FCA8
FC10
0004
E308
0004
FC20
FC10
0000
FDE8
ECA0
E308
0001
FC20
FC10
0000
FDE8
ECA0
E308
0000
FDC8
FCA0
EFC8
0000
FCA8
FC10
ECA0
F1C8
0012
FC10
0000
FDE8
ECA0
E308
0000
FCA8
FC10
ECA0
F088
0000
FCA8
FC10
0004
E308
0004
FC20
FC10
0000
FDE8
ECA0
E308
0000
FCA8
FC10
ECA0
F088
0000
FCA8
FC10
0005
E308
0000
FCA8
FC10
0004
E308
0005
FC10
0000
FDE8
ECA0
E308
0000
FCA8
FC10
0004
FC20
E308
19C4
EA87
0000
FDC8
FCA0
EA88
0036
EA87
0002
FC20
FC10
0000
FDE8
ECA0
E308
0000
FDC8
FCA0
EA88
1A85
EC10
0026
EA87
0000
FCA8
FC10
1A8C
E305
1A9D
EA87
0002
FC20
FC10
0000
FDE8
ECA0
E308
0000
FCA0
FC50
E7C8
0000
FCA8
FC10
0002
FC20
E308
0002
FC20
FC10
0000
FDE8
ECA0
E308
0036
EA87
0005
EC10
E390
0000
FDE8
ECA0
EA88
1AA8
E301
0002
FC20
FC10
0000
FDE8
ECA0
E308
0000
FDC8
FCA0
EA88
1ABE
EC10
0026
EA87
0002
FDE0
FC10
0000
FDE8
ECA0
E308
0000
FDC8
FCA0
EA88
1ACD
EC10
0016
EA87
0000
FCA8
FC10
ECA0
F008
0002
FC20
FC10
0000
FDE8
ECA0
E308
0000
FDC8
FCA0
EA88
1AE1
EC10
0016
EA87
0002
FDE0
FC10
0000
FDE8
ECA0
E308
0000
FDC8
FCA0
EA88
1AF0
EC10
0026
EA87
0000
FCA8
FC10
ECA0
F008
0000
FCA8
FC10
ECA0
F548
0000
FCA8
FC10
0001
FDE0
EDE0
EDE0
EDE0
E308
0002
FC20
FC10
0000
FDE8
ECA0
E308
0001
EC10
000D
E308
1A76
EC10
000E
E308
1B16
EC10
005F
EA87
0000
FCA8
FC10
0002
FC20
E308
0002
FDE0
FC10
0000
FDE8
ECA0
E308
0001
EC10
000D
E308
1A76
EC10
000E
E308
1B2F
EC10
005F
EA87
0000
FCA8
FC10
0002
FDE0
E308
0002
FC20
FC10
0000
FDE8
ECA0
E308
0002
FDE0
FC10
0000
FDE8
ECA0
E308
1B47
EC10
0026
EA87
0000
FCA8
FC10
1B4E
E305
1B75
EA87
0002
FC20
FC10
0000
FDE8
ECA0
E308
0000
FCA8
FC10
0001
FDE0
E308
0002
FDE0
FC10
0000
FDE8
ECA0
E308
0000
FCA8
FC10
0002
FC20
E308
0001
FDE0
FC10
0000
FDE8
ECA0
E308
0000
FCA8
FC10
0002
FDE0
E308
0001
FDE0
EDE0
FC10
0000
FDE8
ECA0
E308
0002
FDE0
FC10
0000
FDE8
ECA0
E308
1B88
EC10
0026
EA87
0000
FCA0
FC48
0000
FCA8
FC10
1C4D
E305
0001
FC10
0003
E0A0
FC10
0000
FDE8
ECA0
E308
0012
FC10
0000
FDE8
ECA0
E308
0000
FCA8
FC10
ECA0
F088
0000
FCA8
FC10
0004
E308
0004
FC20
FC10
0000
FDE8
ECA0
E308
0002
FDE0
FC10
0000
FDE8
ECA0
E308
0000
FCA8
FC10
ECA0
F008
0000
FDC8
FCA0
EA88
1BC4
EC10
0016
EA87
0000
FCA8
FC10
1BCB
E305
1C18
EA87
0001
FC20
FC10
0000
FDE8
ECA0
E308
0002
FC20
FC10
0000
FDE8
ECA0
E308
0000
FCA8
FC10
ECA0
F088
0000
FCA8
FC10
0001
FC20
E308
0001
FDE0
EDE0
FC10
0000
FDE8
ECA0
E308
0001
FC10
0003
E0A0
FC10
0000
FDE8
ECA0
E308
0012
FC10
0000
FDE8
ECA0
E308
0000
FCA8
FC10
ECA0
F088
0000
FCA8
FC10
0004
E308
0004
FC20
FC10
0000
FDE8
ECA0
E308
0000
FCA8
FC10
ECA0
F088
0000
FCA8
FC10
0001
FDE0
EDE0
E308
0002
FC20
FC10
0000
FDE8
ECA0
E308
0002
FC20
FC10
0000
FDE8
ECA0
E308
0000
FCA8
FC10
ECA0
F088
0000
FCA8
FC10
0002
FC20
E308
0001
FC10
0003
E0A0
FC10
0000
FDE8
ECA0
E308
0000
FDC8
FCA0
EFC8
0000
FCA8
FC10
ECA0
F088
0000
FCA8
FC10
0001
FDE0
EDE0
EDE0
E308
1B75
EA87
0001
FC10
0004
E0A0
FC10
0000
FDE8
ECA0
E308
0000
FCA8
FC10
1C5D
E305
1C6E
EA87
0001
FC20
FC10
0000
FDE8
ECA0
E308
0000
FCA0
FC50
E7C8
0000
FCA8
FC10
0001
FC20
E308
0001
FC20
FC10
0000
FDE8
ECA0
E308
0036
EA87
0004
EC10
E390
0000
FDE8
ECA0
EA88
1C79
E301
0002
FDE0
FC10
0000
FDE8
ECA0
E308
0000
FDC8
FCA0
EA88
1C8F
EC10
0006
EA87
0000
FCA8
FC10
1C96
E305
1CAD
EA87
0003
EC10
0000
FDE8
ECA0
E308
0001
EC10
000D
E308
6AD9
EC10
000E
E308
1CA8
EC10
005F
EA87
0000
FCA8
FC10
0005
E308
0002
FC20
FC10
0000
FDE8
ECA0
E308
0000
FDC8
FCA0
EA88
1CBC
EC10
0026
EA87
0002
FDE0
FC10
0000
FDE8
ECA0
E308
0000
FDC8
FCA0
EA88
1CCB
EC10
0016
EA87
0000
FCA8
FC10
ECA0
F008
0002
FC20
FC10
0000
FDE8
ECA0
E308
0000
FDC8
FCA0
EA88
1CDF
EC10
0016
EA87
0002
FDE0
FC10
0000
FDE8
ECA0
E308
0000
FDC8
FCA0
EA88
1CEE
EC10
0026
EA87
0000
FCA8
FC10
ECA0
F008
0000
FCA8
FC10
ECA0
F548
0000
FCA8
FC10
0001
FDE0
EDE0
E308
0000
FDC8
FCA0
EA88
0011
FC10
0000
FDE8
ECA0
E308
0000
FCA8
FC10
ECA0
F088
0002
FDE0
FC10
0000
FDE8
ECA0
E308
0001
EC10
000D
E308
1A76
EC10
000E
E308
1D21
EC10
005F
EA87
0000
FCA8
FC10
0005
E308
0000
FCA8
FC10
0004
E308
0005
FC10
0000
FDE8
ECA0
E308
0000
FCA8
FC10
0004
FC20
E308
0002
FC20
FC10
0000
FDE8
ECA0
E308
0001
EC10
000D
E308
1A76
EC10
000E
E308
1D4A
EC10
005F
EA87
0000
FCA8
FC10
0002
FC20
E308
0001
FC10
0003
E0A0
FC10
0000
FDE8
ECA0
E308
0000
FCA0
FC48
0000
FCA0
FC48
0000
FCA8
FC10
1EA1
E305
7FFF
EC10
0000
FDE8
ECA0
E308
0001
FC20
FC10
0000
FDE8
ECA0
E308
0011
FC10
0000
FDE8
ECA0
E308
0000
FCA8
FC10
ECA0
F088
0000
FCA8
FC10
0004
E308
0004
FC20
FC10
0000
FDE8
ECA0
E308
0000
FCA8
FC10
ECA0
F1C8
0001
FC20
FC10
0000
FDE8
ECA0
E308
0011
FC10
0000
FDE8
ECA0
E308
0000
FCA8
FC10
ECA0
F088
0000
FCA8
FC10
0004
E308
0004
FC20
FC10
0000
FDE8
ECA0
E308
1DAF
EC10
0026
EA87
0000
FCA8
FC10
0001
FDE0
EDE0
EDE0
E308
0001
FC10
0003
E0A0
FC10
0000
FDE8
ECA0
E308
0000
FCA0
FC48
0000
FCA8
FC10
1DCA
E305
1E9F
EA87
0001
FC20
FC10
0000
FDE8
ECA0
E308
0000
FDC8
FCA0
EFC8
0000
FCA8
FC10
ECA0
F088
0011
FC10
0000
FDE8
ECA0
E308
0000
FCA8
FC10
ECA0
F088
0001
FC20
FC10
0000
FDE8
ECA0
E308
0011
FC10
0000
FDE8
ECA0
E308
0000
FCA8
FC10
ECA0
F088
0000
FCA8
FC10
0004
E308
0004
FC20
FC10
0000
FDE8
ECA0
E308
0001
FC20
FC10
0000
FDE8
ECA0
E308
0011
FC10
0000
FDE8
ECA0
E308
0000
FCA8
FC10
ECA0
F088
0000
FCA8
FC10
0004
E308
0004
FC20
FC10
0000
FDE8
ECA0
E308
0000
FCA8
FC10
ECA0
F088
0000
FCA8
FC10
0005
E308
0000
FCA8
FC10
0004
E308
0005
FC10
0000
FDE8
ECA0
E308
0000
FCA8
FC10
0004
FC20
E308
0001
FC20
FC10
0000
FDE8
ECA0
E308
0000
FDC8
FCA0
EFC8
0000
FCA8
FC10
ECA0
F088
0011
FC10
0000
FDE8
ECA0
E308
0000
FCA8
FC10
ECA0
F088
0000
FCA8
FC10
0004
E308
0004
FC20
FC10
0000
FDE8
ECA0
E308
0002
FC20
FC10
0000
FDE8
ECA0
E308
1E6E
EC10
0016
EA87
0000
FCA8
FC10
0001
FDE0
EDE0
EDE0
E308
0001
FC10
0003
E0A0
FC10
0000
FDE8
ECA0
E308
0000
FCA0
FC48
0000
FCA8
FC10
1E89
E305
1E9F
EA87
0001
FC20
FC10
0000
FDE8
ECA0
E308
0000
FDC8
FCA0
EFC8
0000
FCA8
FC10
ECA0
F088
0000
FCA8
FC10
0001
FC20
E308
1D50
EA87
0001
FC20
FC10
0000
FDE8
ECA0
E308
0000
FDC8
FCA0
EFC8
0000
FCA0
FC50
E7C8
1EB4
EC10
0016
EA87
0000
FCA0
FC48
0000
FCA8
FC10
1F67
E305
0001
FC20
FC10
0000
FDE8
ECA0
E308
0011
FC10
0000
FDE8
ECA0
E308
0000
FCA8
FC10
ECA0
F088
0000
FCA8
FC10
0004
E308
0004
FC20
FC10
0000
FDE8
ECA0
E308
0002
FC20
FC10
0000
FDE8
ECA0
E308
1EE5
EC10
0016
EA87
0000
FCA0
FC48
0000
FCA8
FC10
1EEF
E305
1F4F
EA87
0001
FDE0
FC10
0000
FDE8
ECA0
E308
0001
FC20
FC10
0000
FDE8
ECA0
E308
0012
FC10
0000
FDE8
ECA0
E308
0000
FCA8
FC10
ECA0
F088
0000
FCA8
FC10
0004
E308
0004
FC20
FC10
0000
FDE8
ECA0
E308
0000
FCA8
FC10
ECA0
F088
0000
FCA8
FC10
0001
FDE0
E308
0002
FC20
FC10
0000
FDE8
ECA0
E308
0001
FC20
FC10
0000
FDE8
ECA0
E308
0011
FC10
0000
FDE8
ECA0
E308
0000
FCA8
FC10
ECA0
F088
0000
FCA8
FC10
0004
E308
0004
FC20
FC10
0000
FDE8
ECA0
E308
0000
FCA8
FC10
ECA0
F1C8
0000
FCA8
FC10
0002
FC20
E308
0001
FC20
FC10
0000
FDE8
ECA0
E308
0000
FDC8
FCA0
EFC8
0000
FCA8
FC10
ECA0
F1C8
0000
FCA8
FC10
0001
FC20
E308
1EA1
EA87
0001
FDE0
EDE0
FC10
0000
FDE8
ECA0
E308
0000
FCA8
FC10
1F76
E305
1F87
EA87
0001
FDE0
FC10
0000
FDE8
ECA0
E308
0000
FCA0
FC50
E7C8
0000
FCA8
FC10
0001
FDE0
E308
0001
FDE0
FC10
0000
FDE8
ECA0
E308
0036
EA87
0004
EC10
E390
0000
FDE8
ECA0
EA88
1F92
E301
0002
FC20
FC10
0000
FDE8
ECA0
E308
0000
FDC8
FCA0
EA88
1FA8
EC10
0026
EA87
0000
FCA8
FC10
1FAF
E305
1FC6
EA87
0004
EC10
0000
FDE8
ECA0
E308
0001
EC10
000D
E308
6AD9
EC10
000E
E308
1FC1
EC10
005F
EA87
0000
FCA8
FC10
0005
E308
0007
EC10
0000
FDE8
ECA0
E308
0000
FCA8
FC10
0001
FC20
E308
0001
FC20
FC10
0000
FDE8
ECA0
E308
0000
FDC8
FCA0
EFC8
0000
FCA0
FC50
E7C8
1FE5
EC10
0016
EA87
0000
FCA0
FC48
0000
FCA8
FC10
209C
E305
0001
FC10
0003
E0A0
FC10
0000
FDE8
ECA0
E308
0001
FC20
FC10
0000
FDE8
ECA0
E308
0012
FC10
0000
FDE8
ECA0
E308
0000
FCA8
FC10
ECA0
F088
0000
FCA8
FC10
0004
E308
0004
FC20
FC10
0000
FDE8
ECA0
E308
0000
FCA8
FC10
ECA0
F088
0000
FCA8
FC10
0001
FDE0
E308
0001
FDE0
FC10
0000
FDE8
ECA0
E308
0001
FDE0
FC10
0000
FDE8
ECA0
E308
0002
EC10
000D
E308
1AA6
EC10
000E
E308
2039
EC10
005F
EA87
0000
FCA8
FC10
0001
FDE0
EDE0
E308
0001
FDE0
EDE0
FC10
0000
FDE8
ECA0
E308
0002
FC20
FC10
0000
FDE8
ECA0
E308
2053
EC10
0016
EA87
0000
FCA0
FC48
0001
FDE0
EDE0
FC10
0000
FDE8
ECA0
E308
0000
FDC8
FCA0
EA88
2066
EC10
0026
EA87
0000
FCA0
FC48
0000
FCA8
FC10
ECA0
F008
0000
FCA8
FC10
2075
E305
2084
EA87
0001
FDE0
FC10
0000
FDE8
ECA0
E308
0000
FCA8
FC10
0001
FDE0
EDE0
EDE0
E308
0001
FC20
FC10
0000
FDE8
ECA0
E308
0000
FDC8
FCA0
EFC8
0000
FCA8
FC10
ECA0
F1C8
0000
FCA8
FC10
0001
FC20
E308
1FD2
EA87
0001
FC10
0003
E0A0
FC10
0000
FDE8
ECA0
E308
0036
EA87
0002
FC20
FC10
0000
FDE8
ECA0
E308
0002
FDE0
FC10
0000
FDE8
ECA0
E308
20B9
EC10
0016
EA87
0000
FCA8
FC10
20C0
E305
20CD
EA87
0002
FC20
FC10
0000
FDE8
ECA0
E308
0000
FCA8
FC10
0002
FDE0
E308
0002
FDE0
FC10
0000
FDE8
ECA0
E308
0036
EA87
0002
FC20
FC10
0000
FDE8
ECA0
E308
0002
FDE0
FC10
0000
FDE8
ECA0
E308
20E8
EC10
0026
EA87
0000
FCA8
FC10
20EF
E305
20FC
EA87
0002
FC20
FC10
0000
FDE8
ECA0
E308
0000
FCA8
FC10
0002
FDE0
E308
0002
FDE0
FC10
0000
FDE8
ECA0
E308
0036
EA87
0000
FDC8
FCA0
EA88
0000
FCA8
FC10
0013
E308
0800
EC10
0000
FDE8
ECA0
E308
0013
FC10
0000
FDE8
ECA0
E308
0000
FCA8
FC10
ECA0
F088
37FE
EC10
0000
FDE8
ECA0
E308
0000
FCA8
FC10
0005
E308
0000
FCA8
FC10
0004
E308
0005
FC10
0000
FDE8
ECA0
E308
0000
FCA8
FC10
0004
FC20
E308
0801
EC10
0000
FDE8
ECA0
E308
0013
FC10
0000
FDE8
ECA0
E308
0000
FCA8
FC10
ECA0
F088
0802
EC10
0000
FDE8
ECA0
E308
0000
FCA8
FC10
0005
E308
0000
FCA8
FC10
0004
E308
0005
FC10
0000
FDE8
ECA0
E308
0000
FCA8
FC10
0004
FC20
E308
0000
FDC8
FCA0
EA88
0036
EA87
0002
FC20
FC10
0000
FDE8
ECA0
E308
0013
FC10
0000
FDE8
ECA0
E308
0000
FCA8
FC10
ECA0
F088
0000
FCA8
FC10
0004
E308
0004
FC20
FC10
0000
FDE8
ECA0
E308
0036
EA87
0002
FC20
FC10
0000
FDE8
ECA0
E308
0013
FC10
0000
FDE8
ECA0
E308
0000
FCA8
FC10
ECA0
F088
0002
FDE0
FC10
0000
FDE8
ECA0
E308
0000
FCA8
FC10
0005
E308
0000
FCA8
FC10
0004
E308
0005
FC10
0000
FDE8
ECA0
E308
0000
FCA8
FC10
0004
FC20
E308
0000
FDC8
FCA0
EA88
0036
EA87
0000
FDE8
ECA0
EA88
0002
FC20
FC10
0000
FDE8
ECA0
E308
0000
FDC8
FCA0
EFC8
21D6
EC10
0026
EA87
0000
FCA8
FC10
21DD
E305
21F4
EA87
0005
EC10
0000
FDE8
ECA0
E308
0001
EC10
000D
E308
6AD9
EC10
000E
E308
21EF
EC10
005F
EA87
0000
FCA8
FC10
0005
E308
0800
EC10
0000
FDE8
ECA0
E308
0000
FCA8
FC10
0001
FC20
E308
0000
FDC8
FCA0
EA88
0001
FC20
FC10
0000
FDE8
ECA0
E308
0000
FCA8
FC10
ECA0
F088
0000
FCA8
FC10
0004
E308
0004
FC20
FC10
0000
FDE8
ECA0
E308
0002
FC20
FC10
0000
FDE8
ECA0
E308
2227
EC10
0026
EA87
0000
FCA0
FC48
0000
FCA8
FC10
2253
E305
0000
FDC8
FCA0
EFC8
0001
FC20
FC10
0000
FDE8
ECA0
E308
0000
FCA8
FC10
ECA0
F088
0000
FCA8
FC10
0004
E308
0004
FC20
FC10
0000
FDE8
ECA0
E308
0000
FCA8
FC10
0001
FC20
E308
2200
EA87
0001
FC20
FC10
0000
FDE8
ECA0
E308
0002
FC20
FC10
0000
FDE8
ECA0
E308
0000
FCA8
FC10
ECA0
F088
3FFB
EC10
0000
FDE8
ECA0
E308
2270
EC10
0016
EA87
0000
FCA8
FC10
2277
E305
228E
EA87
0006
EC10
0000
FDE8
ECA0
E308
0001
EC10
000D
E308
6AD9
EC10
000E
E308
2289
EC10
005F
EA87
0000
FCA8
FC10
0005
E308
0000
FDC8
FCA0
EA88
0001
FC20
FC10
0000
FDE8
ECA0
E308
0000
FCA8
FC10
ECA0
F088
0000
FCA8
FC10
0004
E308
0004
FC20
FC10
0000
FDE8
ECA0
E308
0002
FC20
FC10
0000
FDE8
ECA0
E308
0002
EC10
0000
FDE8
ECA0
E308
0000
FCA8
FC10
ECA0
F088
22C0
EC10
0016
EA87
0000
FCA8
FC10
22C7
E305
244F
EA87
0002
FC20
FC10
0000
FDE8
ECA0
E308
0002
EC10
0000
FDE8
ECA0
E308
0000
FCA8
FC10
ECA0
F088
0001
FC20
FC10
0000
FDE8
ECA0
E308
0000
FCA8
FC10
ECA0
F088
0000
FDC8
FCA0
EA88
0001
FC20
FC10
0000
FDE8
ECA0
E308
0000
FCA8
FC10
ECA0
F088
0000
FCA8
FC10
0004
E308
0004
FC20
FC10
0000
FDE8
ECA0
E308
0002
FC20
FC10
0000
FDE8
ECA0
E308
0000
FCA8
FC10
ECA0
F1C8
0002
EC10
0000
FDE8
ECA0
E308
0000
FCA8
FC10
ECA0
F1C8
0000
FCA8
FC10
0005
E308
0000
FCA8
FC10
0004
E308
0005
FC10
0000
FDE8
ECA0
E308
0000
FCA8
FC10
0004
FC20
E308
0000
FDC8
FCA0
EFC8
0001
FC20
FC10
0000
FDE8
ECA0
E308
0000
FCA8
FC10
ECA0
F088
0000
FCA8
FC10
0004
E308
0004
FC20
FC10
0000
FDE8
ECA0
E308
0001
FC20
FC10
0000
FDE8
ECA0
E308
0002
EC10
0000
FDE8
ECA0
E308
0000
FCA8
FC10
ECA0
F088
2360
EC10
0006
EA87
0000
FCA8
FC10
2367
E305
23BB
EA87
0002
FC20
FC10
0000
FDE8
ECA0
E308
0003
EC10
0000
FDE8
ECA0
E308
0000
FCA8
FC10
ECA0
F088
0001
FC20
FC10
0000
FDE8
ECA0
E308
0000
FCA8
FC10
ECA0
F088
0001
FC20
FC10
0000
FDE8
ECA0
E308
0002
FC20
FC10
0000
FDE8
ECA0
E308
0000
FCA8
FC10
ECA0
F088
0004
EC10
0000
FDE8
ECA0
E308
0000
FCA8
FC10
ECA0
F088
0000
FCA8
FC10
0005
E308
0000
FCA8
FC10
0004
E308
0005
FC10
0000
FDE8
ECA0
E308
0000
FCA8
FC10
0004
FC20
E308
240B
EA87
0002
FC20
FC10
0000
FDE8
ECA0
E308
0003
EC10
0000
FDE8
ECA0
E308
0000
FCA8
FC10
ECA0
F088
0001
FC20
FC10
0000
FDE8
ECA0
E308
0000
FCA8
FC10
ECA0
F088
0000
FDC8
FCA0
EFC8
0001
FC20
FC10
0000
FDE8
ECA0
E308
0000
FCA8
FC10
ECA0
F088
0000
FCA8
FC10
0004
E308
0004
FC20
FC10
0000
FDE8
ECA0
E308
0000
FCA8
FC10
0005
E308
0000
FCA8
FC10
0004
E308
0005
FC10
0000
FDE8
ECA0
E308
0000
FCA8
FC10
0004
FC20
E308
0000
FDC8
FCA0
EFC8
0001
FC20
FC10
0000
FDE8
ECA0
E308
0000
FCA8
FC10
ECA0
F088
0001
FC20
FC10
0000
FDE8
ECA0
E308
0002
FC20
FC10
0000
FDE8
ECA0
E308
0000
FCA8
FC10
ECA0
F088
0002
EC10
0000
FDE8
ECA0
E308
0000
FCA8
FC10
ECA0
F088
0000
FCA8
FC10
0005
E308
0000
FCA8
FC10
0004
E308
0005
FC10
0000
FDE8
ECA0
E308
0000
FCA8
FC10
0004
FC20
E308
0000
FDC8
FCA0
EA88
0001
FC20
FC10
0000
FDE8
ECA0
E308
0000
FCA8
FC10
ECA0
F088
0000
FDC8
FCA0
EA88
0000
FCA8
FC10
0005
E308
0000
FCA8
FC10
0004
E308
0005
FC10
0000
FDE8
ECA0
E308
0000
FCA8
FC10
0004
FC20
E308
0001
FC20
FC10
0000
FDE8
ECA0
E308
0002
EC10
0000
FDE8
ECA0
E308
0000
FCA8
FC10
ECA0
F088
0036
EA87
0000
FC20
EA88
EDF0
EA88
0000
E7C8
0002
FC20
FC10
0000
FDE8
ECA0
E308
0002
EC10
0000
FDE8
ECA0
E308
0000
FCA8
FC10
ECA0
F1C8
0000
FCA8
FC10
0001
FC20
E308
0000
FDC8
FCA0
EFC8
0001
FC20
FC10
0000
FDE8
ECA0
E308
0000
FCA8
FC10
ECA0
F088
0000
FCA8
FC10
0004
E308
0004
FC20
FC10
0000
FDE8
ECA0
E308
0000
FCA8
FC10
0001
FDE0
E308
0000
FDC8
FCA0
EA88
0001
FDE0
FC10
0000
FDE8
ECA0
E308
0000
FCA8
FC10
ECA0
F088
0000
FCA8
FC10
0004
E308
0004
FC20
FC10
0000
FDE8
ECA0
E308
0000
FDC8
FCA0
EA88
24F2
EC10
0006
EA87
0000
FCA8
FC10
24F9
E305
2554
EA87
0000
FDC8
FCA0
EA88
0001
FC20
FC10
0000
FDE8
ECA0
E308
0000
FCA8
FC10
ECA0
F088
0000
FDC8
FCA0
EFC8
0001
FC20
FC10
0000
FDE8
ECA0
E308
0000
FCA8
FC10
ECA0
F088
0000
FCA8
FC10
0004
E308
0004
FC20
FC10
0000
FDE8
ECA0
E308
0001
FC20
FC10
0000
FDE8
ECA0
E308
0000
FCA8
FC10
ECA0
F1C8
0002
EC10
0000
FDE8
ECA0
E308
0000
FCA8
FC10
ECA0
F1C8
0000
FCA8
FC10
0005
E308
0000
FCA8
FC10
0004
E308
0005
FC10
0000
FDE8
ECA0
E308
0000
FCA8
FC10
0004
FC20
E308
2678
EA87
0000
FDC8
FCA0
EA88
0001
FC20
FC10
0000
FDE8
ECA0
E308
0000
FCA8
FC10
ECA0
F088
0000
FDC8
FCA0
EFC8
0001
FC20
FC10
0000
FDE8
ECA0
E308
0000
FCA8
FC10
ECA0
F088
0000
FCA8
FC10
0004
E308
0004
FC20
FC10
0000
FDE8
ECA0
E308
0001
FC20
FC10
0000
FDE8
ECA0
E308
0000
FCA8
FC10
ECA0
F1C8
0000
FDC8
FCA0
EA88
0001
FDE0
FC10
0000
FDE8
ECA0
E308
0000
FCA8
FC10
ECA0
F088
0000
FCA8
FC10
0004
E308
0004
FC20
FC10
0000
FDE8
ECA0
E308
0000
FCA8
FC10
ECA0
F088
0000
FCA8
FC10
0005
E308
0000
FCA8
FC10
0004
E308
0005
FC10
0000
FDE8
ECA0
E308
0000
FCA8
FC10
0004
FC20
E308
0000
FDC8
FCA0
EFC8
0001
FDE0
FC10
0000
FDE8
ECA0
E308
0000
FCA8
FC10
ECA0
F088
0000
FCA8
FC10
0004
E308
0004
FC20
FC10
0000
FDE8
ECA0
E308
0001
FDE0
FC10
0000
FDE8
ECA0
E308
0002
EC10
0000
FDE8
ECA0
E308
0000
FCA8
FC10
ECA0
F088
25F5
EC10
0006
EA87
0000
FCA8
FC10
25FC
E305
2636
EA87
0000
FDC8
FCA0
EFC8
0001
FC20
FC10
0000
FDE8
ECA0
E308
0000
FCA8
FC10
ECA0
F088
0001
FC20
FC10
0000
FDE8
ECA0
E308
0002
EC10
0000
FDE8
ECA0
E308
0000
FCA8
FC10
ECA0
F088
0000
FCA8
FC10
0005
E308
0000
FCA8
FC10
0004
E308
0005
FC10
0000
FDE8
ECA0
E308
0000
FCA8
FC10
0004
FC20
E308
2678
EA87
0000
FDC8
FCA0
EFC8
0001
FC20
FC10
0000
FDE8
ECA0
E308
0000
FCA8
FC10
ECA0
F088
0000
FDC8
FCA0
EFC8
0001
FDE0
FC10
0000
FDE8
ECA0
E308
0000
FCA8
FC10
ECA0
F088
0000
FCA8
FC10
0004
E308
0004
FC20
FC10
0000
FDE8
ECA0
E308
0000
FCA8
FC10
0005
E308
0000
FCA8
FC10
0004
E308
0005
FC10
0000
FDE8
ECA0
E308
0000
FCA8
FC10
0004
FC20
E308
0000
FDC8
FCA0
EA88
0036
EA87
4000
EC10
0000
FDE8
ECA0
E308
0000
FCA8
FC10
0014
E308
0000
FDC8
FCA0
EA88
0000
FCA0
FC48
0000
FCA8
FC10
0015
E308
0020
EC10
0000
FDE8
ECA0
E308
0000
FCA8
FC10
0016
E308
0000
FDC8
FCA0
EA88
0000
FCA8
FC10
0017
E308
0006
EC10
0000
FDE8
ECA0
E308
0001
EC10
000D
E308
6211
EC10
000E
E308
26BB
EC10
005F
EA87
0000
FCA8
FC10
0018
E308
0000
EC10
000D
E308
26E8
EC10
000E
E308
26CC
EC10
005F
EA87
0000
FCA8
FC10
0005
E308
0000
EC10
000D
E308
4818
EC10
000E
E308
26DD
EC10
005F
EA87
0000
FCA8
FC10
0005
E308
0000
FDC8
FCA0
EA88
0036
EA87
007F
EC10
0000
FDE8
ECA0
E308
0001
EC10
000D
E308
16B0
EC10
000E
E308
26FA
EC10
005F
EA87
0000
FCA8
FC10
0019
E308
0000
FDC8
FCA0
EA88
003F
EC10
0000
FDE8
ECA0
E308
003F
EC10
0000
FDE8
ECA0
E308
003F
EC10
0000
FDE8
ECA0
E308
003F
EC10
0000
FDE8
ECA0
E308
003F
EC10
0000
FDE8
ECA0
E308
003F
EC10
0000
FDE8
ECA0
E308
003F
EC10
0000
FDE8
ECA0
E308
003F
EC10
0000
FDE8
ECA0
E308
003F
EC10
0000
FDE8
ECA0
E308
0000
FDC8
FCA0
EA88
0000
FDC8
FCA0
EA88
000C
EC10
000D
E308
45B3
EC10
000E
E308
274D
EC10
005F
EA87
0000
FCA8
FC10
0005
E308
0020
EC10
0000
FDE8
ECA0
E308
0000
FDC8
FCA0
EA88
0000
FDC8
FCA0
EA88
0000
FDC8
FCA0
EA88
0000
FDC8
FCA0
EA88
0000
FDC8
FCA0
EA88
0000
FDC8
FCA0
EA88
0000
FDC8
FCA0
EA88
0000
FDC8
FCA0
EA88
0000
FDC8
FCA0
EA88
0000
FDC8
FCA0
EA88
0000
FDC8
FCA0
EA88
000C
EC10
000D
E308
45B3
EC10
000E
E308
2790
EC10
005F
EA87
0000
FCA8
FC10
0005
E308
0021
EC10
0000
FDE8
ECA0
E308
000C
EC10
0000
FDE8
ECA0
E308
001E
EC10
0000
FDE8
ECA0
E308
001E
EC10
0000
FDE8
ECA0
E308
001E
EC10
0000
FDE8
ECA0
E308
000C
EC10
0000
FDE8
ECA0
E308
000C
EC10
0000
FDE8
ECA0
E308
0000
FDC8
FCA0
EA88
000C
EC10
0000
FDE8
ECA0
E308
000C
EC10
0000
FDE8
ECA0
E308
0000
FDC8
FCA0
EA88
0000
FDC8
FCA0
EA88
000C
EC10
000D
E308
45B3
EC10
000E
E308
27E3
EC10
005F
EA87
0000
FCA8
FC10
0005
E308
0022
EC10
0000
FDE8
ECA0
E308
0036
EC10
0000
FDE8
ECA0
E308
0036
EC10
0000
FDE8
ECA0
E308
0014
EC10
0000
FDE8
ECA0
E308
0000
FDC8
FCA0
EA88
0000
FDC8
FCA0
EA88
0000
FDC8
FCA0
EA88
0000
FDC8
FCA0
EA88
0000
FDC8
FCA0
EA88
0000
FDC8
FCA0
EA88
0000
FDC8
FCA0
EA88
0000
FDC8
FCA0
EA88
000C
EC10
000D
E308
45B3
EC10
000E
E308
282C
EC10
005F
EA87
0000
FCA8
FC10
0005
E308
0023
EC10
0000
FDE8
ECA0
E308
0000
FDC8
FCA0
EA88
0012
EC10
0000
FDE8
ECA0
E308
0012
EC10
0000
FDE8
ECA0
E308
003F
EC10
0000
FDE8
ECA0
E308
0012
EC10
0000
FDE8
ECA0
E308
0012
EC10
0000
FDE8
ECA0
E308
003F
EC10
0000
FDE8
ECA0
E308
0012
EC10
0000
FDE8
ECA0
E308
0012
EC10
0000
FDE8
ECA0
E308
0000
FDC8
FCA0
EA88
0000
FDC8
FCA0
EA88
000C
EC10
000D
E308
45B3
EC10
000E
E308
287F
EC10
005F
EA87
0000
FCA8
FC10
0005
E308
0024
EC10
0000
FDE8
ECA0
E308
000C
EC10
0000
FDE8
ECA0
E308
001E
EC10
0000
FDE8
ECA0
E308
0033
EC10
0000
FDE8
ECA0
E308
0003
EC10
0000
FDE8
ECA0
E308
001E
EC10
0000
FDE8
ECA0
E308
0030
EC10
0000
FDE8
ECA0
E308
0033
EC10
0000
FDE8
ECA0
E308
001E
EC10
0000
FDE8
ECA0
E308
000C
EC10
0000
FDE8
ECA0
E308
000C
EC10
0000
FDE8
ECA0
E308
0000
FDC8
FCA0
EA88
000C
EC10
000D
E308
45B3
EC10
000E
E308
28D6
EC10
005F
EA87
0000
FCA8
FC10
0005
E308
0025
EC10
0000
FDE8
ECA0
E308
0000
FDC8
FCA0
EA88
0000
FDC8
FCA0
EA88
0023
EC10
0000
FDE8
ECA0
E308
0033
EC10
0000
FDE8
ECA0
E308
0018
EC10
0000
FDE8
ECA0
E308
000C
EC10
0000
FDE8
ECA0
E308
0006
EC10
0000
FDE8
ECA0
E308
0033
EC10
0000
FDE8
ECA0
E308
0031
EC10
0000
FDE8
ECA0
E308
0000
FDC8
FCA0
EA88
0000
FDC8
FCA0
EA88
000C
EC10
000D
E308
45B3
EC10
000E
E308
2927
EC10
005F
EA87
0000
FCA8
FC10
0005
E308
0026
EC10
0000
FDE8
ECA0
E308
000C
EC10
0000
FDE8
ECA0
E308
001E
EC10
0000
FDE8
ECA0
E308
001E
EC10
0000
FDE8
ECA0
E308
000C
EC10
0000
FDE8
ECA0
E308
0036
EC10
0000
FDE8
ECA0
E308
001B
EC10
0000
FDE8
ECA0
E308
001B
EC10
0000
FDE8
ECA0
E308
001B
EC10
0000
FDE8
ECA0
E308
0036
EC10
0000
FDE8
ECA0
E308
0000
FDC8
FCA0
EA88
0000
FDC8
FCA0
EA88
000C
EC10
000D
E308
45B3
EC10
000E
E308
297C
EC10
005F
EA87
0000
FCA8
FC10
0005
E308
0027
EC10
0000
FDE8
ECA0
E308
000C
EC10
0000
FDE8
ECA0
E308
000C
EC10
0000
FDE8
ECA0
E308
0006
EC10
0000
FDE8
ECA0
E308
0000
FDC8
FCA0
EA88
0000
FDC8
FCA0
EA88
0000
FDC8
FCA0
EA88
0000
FDC8
FCA0
EA88
0000
FDC8
FCA0
EA88
0000
FDC8
FCA0
EA88
0000
FDC8
FCA0
EA88
0000
FDC8
FCA0
EA88
000C
EC10
000D
E308
45B3
EC10
000E
E308
29C5
EC10
005F
EA87
0000
FCA8
FC10
0005
E308
0028
EC10
0000
FDE8
ECA0
E308
0018
EC10
0000
FDE8
ECA0
E308
000C
EC10
0000
FDE8
ECA0
E308
0006
EC10
0000
FDE8
ECA0
E308
0006
EC10
0000
FDE8
ECA0
E308
0006
EC10
0000
FDE8
ECA0
E308
0006
EC10
0000
FDE8
ECA0
E308
0006
EC10
0000
FDE8
ECA0
E308
000C
EC10
0000
FDE8
ECA0
E308
0018
EC10
0000
FDE8
ECA0
E308
0000
FDC8
FCA0
EA88
0000
FDC8
FCA0
EA88
000C
EC10
000D
E308
45B3
EC10
000E
E308
2A1A
EC10
005F
EA87
0000
FCA8
FC10
0005
E308
0029
EC10
0000
FDE8
ECA0
E308
0006
EC10
0000
FDE8
ECA0
E308
000C
EC10
0000
FDE8
ECA0
E308
0018
EC10
0000
FDE8
ECA0
E308
0018
EC10
0000
FDE8
ECA0
E308
0018
EC10
0000
FDE8
ECA0
E308
0018
EC10
0000
FDE8
ECA0
E308
0018
EC10
0000
FDE8
ECA0
E308
000C
EC10
0000
FDE8
ECA0
E308
0006
EC10
0000
FDE8
ECA0
E308
0000
FDC8
FCA0
EA88
0000
FDC8
FCA0
EA88
000C
EC10
000D
E308
45B3
EC10
000E
E308
2A6F
EC10
005F
EA87
0000
FCA8
FC10
0005
E308
002A
EC10
0000
FDE8
ECA0
E308
0000
FDC8
FCA0
EA88
0000
FDC8
FCA0
EA88
0000
FDC8
FCA0
EA88
0033
EC10
0000
FDE8
ECA0
E308
001E
EC10
0000
FDE8
ECA0
E308
003F
EC10
0000
FDE8
ECA0
E308
001E
EC10
0000
FDE8
ECA0
E308
0033
EC10
0000
FDE8
ECA0
E308
0000
FDC8
FCA0
EA88
0000
FDC8
FCA0
EA88
0000
FDC8
FCA0
EA88
000C
EC10
000D
E308
45B3
EC10
000E
E308
2ABC
EC10
005F
EA87
0000
FCA8
FC10
0005
E308
002B
EC10
0000
FDE8
ECA0
E308
0000
FDC8
FCA0
EA88
0000
FDC8
FCA0
EA88
0000
FDC8
FCA0
EA88
000C
EC10
0000
FDE8
ECA0
E308
000C
EC10
0000
FDE8
ECA0
E308
003F
EC10
0000
FDE8
ECA0
E308
000C
EC10
0000
FDE8
ECA0
E308
000C
EC10
0000
FDE8
ECA0
E308
0000
FDC8
FCA0
EA88
0000
FDC8
FCA0
EA88
0000
FDC8
FCA0
EA88
000C
EC10
000D
E308
45B3
EC10
000E
E308
2B09
EC10
005F
EA87
0000
FCA8
FC10
0005
E308
002C
EC10
0000
FDE8
ECA0
E308
0000
FDC8
FCA0
EA88
0000
FDC8
FCA0
EA88
0000
FDC8
FCA0
EA88
0000
FDC8
FCA0
EA88
0000
FDC8
FCA0
EA88
0000
FDC8
FCA0
EA88
0000
FDC8
FCA0
EA88
000C
EC10
0000
FDE8
ECA0
E308
000C
EC10
0000
FDE8
ECA0
E308
0006
EC10
0000
FDE8
ECA0
E308
0000
FDC8
FCA0
EA88
000C
EC10
000D
E308
45B3
EC10
000E
E308
2B52
EC10
005F
EA87
0000
FCA8
FC10
0005
E308
002D
EC10
0000
FDE8
ECA0
E308
0000
FDC8
FCA0
EA88
0000
FDC8
FCA0
EA88
0000
FDC8
FCA0
EA88
0000
FDC8
FCA0
EA88
0000
FDC8
FCA0
EA88
003F
EC10
0000
FDE8
ECA0
E308
0000
FDC8
FCA0
EA88
0000
FDC8
FCA0
EA88
0000
FDC8
FCA0
EA88
0000
FDC8
FCA0
EA88
0000
FDC8
FCA0
EA88
000C
EC10
000D
E308
45B3
EC10
000E
E308
2B97
EC10
005F
EA87
0000
FCA8
FC10
0005
E308
002E
EC10
0000
FDE8
ECA0
E308
0000
FDC8
FCA0
EA88
0000
FDC8
FCA0
EA88
0000
FDC8
FCA0
EA88
0000
FDC8
FCA0
EA88
0000
FDC8
FCA0
EA88
0000
FDC8
FCA0
EA88
0000
FDC8
FCA0
EA88
000C
EC10
0000
FDE8
ECA0
E308
000C
EC10
0000
FDE8
ECA0
E308
0000
FDC8
FCA0
EA88
0000
FDC8
FCA0
EA88
000C
EC10
000D
E308
45B3
EC10
000E
E308
2BDE
EC10
005F
EA87
0000
FCA8
FC10
0005
E308
002F
EC10
0000
FDE8
ECA0
E308
0000
FDC8
FCA0
EA88
0000
FDC8
FCA0
EA88
0020
EC10
0000
FDE8
ECA0
E308
0030
EC10
0000
FDE8
ECA0
E308
0018
EC10
0000
FDE8
ECA0
E308
000C
EC10
0000
FDE8
ECA0
E308
0006
EC10
0000
FDE8
ECA0
E308
0003
EC10
0000
FDE8
ECA0
E308
0000
FDC8
FCA0
EFC8
0000
FDC8
FCA0
EA88
0000
FDC8
FCA0
EA88
000C
EC10
000D
E308
45B3
EC10
000E
E308
2C2D
EC10
005F
EA87
0000
FCA8
FC10
0005
E308
0030
EC10
0000
FDE8
ECA0
E308
000C
EC10
0000
FDE8
ECA0
E308
001E
EC10
0000
FDE8
ECA0
E308
0033
EC10
0000
FDE8
ECA0
E308
0033
EC10
0000
FDE8
ECA0
E308
0033
EC10
0000
FDE8
ECA0
E308
0033
EC10
0000
FDE8
ECA0
E308
0033
EC10
0000
FDE8
ECA0
E308
001E
EC10
0000
FDE8
ECA0
E308
000C
EC10
0000
FDE8
ECA0
E308
0000
FDC8
FCA0
EA88
0000
FDC8
FCA0
EA88
000C
EC10
000D
E308
45B3
EC10
000E
E308
2C82
EC10
005F
EA87
0000
FCA8
FC10
0005
E308
0031
EC10
0000
FDE8
ECA0
E308
000C
EC10
0000
FDE8
ECA0
E308
000E
EC10
0000
FDE8
ECA0
E308
000F
EC10
0000
FDE8
ECA0
E308
000C
EC10
0000
FDE8
ECA0
E308
000C
EC10
0000
FDE8
ECA0
E308
000C
EC10
0000
FDE8
ECA0
E308
000C
EC10
0000
FDE8
ECA0
E308
000C
EC10
0000
FDE8
ECA0
E308
003F
EC10
0000
FDE8
ECA0
E308
0000
FDC8
FCA0
EA88
0000
FDC8
FCA0
EA88
000C
EC10
000D
E308
45B3
EC10
000E
E308
2CD7
EC10
005F
EA87
0000
FCA8
FC10
0005
E308
0032
EC10
0000
FDE8
ECA0
E308
001E
EC10
0000
FDE8
ECA0
E308
0033
EC10
0000
FDE8
ECA0
E308
0030
EC10
0000
FDE8
ECA0
E308
0018
EC10
0000
FDE8
ECA0
E308
000C
EC10
0000
FDE8
ECA0
E308
0006
EC10
0000
FDE8
ECA0
E308
0003
EC10
0000
FDE8
ECA0
E308
0033
EC10
0000
FDE8
ECA0
E308
003F
EC10
0000
FDE8
ECA0
E308
0000
FDC8
FCA0
EA88
0000
FDC8
FCA0
EA88
000C
EC10
000D
E308
45B3
EC10
000E
E308
2D2C
EC10
005F
EA87
0000
FCA8
FC10
0005
E308
0033
EC10
0000
FDE8
ECA0
E308
001E
EC10
0000
FDE8
ECA0
E308
0033
EC10
0000
FDE8
ECA0
E308
0030
EC10
0000
FDE8
ECA0
E308
0030
EC10
0000
FDE8
ECA0
E308
001C
EC10
0000
FDE8
ECA0
E308
0030
EC10
0000
FDE8
ECA0
E308
0030
EC10
0000
FDE8
ECA0
E308
0033
EC10
0000
FDE8
ECA0
E308
001E
EC10
0000
FDE8
ECA0
E308
0000
FDC8
FCA0
EA88
0000
FDC8
FCA0
EA88
000C
EC10
000D
E308
45B3
EC10
000E
E308
2D81
EC10
005F
EA87
0000
FCA8
FC10
0005
E308
0034
EC10
0000
FDE8
ECA0
E308
0010
EC10
0000
FDE8
ECA0
E308
0018
EC10
0000
FDE8
ECA0
E308
001C
EC10
0000
FDE8
ECA0
E308
001A
EC10
0000
FDE8
ECA0
E308
0019
EC10
0000
FDE8
ECA0
E308
003F
EC10
0000
FDE8
ECA0
E308
0018
EC10
0000
FDE8
ECA0
E308
0018
EC10
0000
FDE8
ECA0
E308
003C
EC10
0000
FDE8
ECA0
E308
0000
FDC8
FCA0
EA88
0000
FDC8
FCA0
EA88
000C
EC10
000D
E308
45B3
EC10
000E
E308
2DD6
EC10
005F
EA87
0000
FCA8
FC10
0005
E308
0035
EC10
0000
FDE8
ECA0
E308
003F
EC10
0000
FDE8
ECA0
E308
0003
EC10
0000
FDE8
ECA0
E308
0003
EC10
0000
FDE8
ECA0
E308
001F
EC10
0000
FDE8
ECA0
E308
0030
EC10
0000
FDE8
ECA0
E308
0030
EC10
0000
FDE8
ECA0
E308
0030
EC10
0000
FDE8
ECA0
E308
0033
EC10
0000
FDE8
ECA0
E308
001E
EC10
0000
FDE8
ECA0
E308
0000
FDC8
FCA0
EA88
0000
FDC8
FCA0
EA88
000C
EC10
000D
E308
45B3
EC10
000E
E308
2E2B
EC10
005F
EA87
0000
FCA8
FC10
0005
E308
0036
EC10
0000
FDE8
ECA0
E308
001C
EC10
0000
FDE8
ECA0
E308
0006
EC10
0000
FDE8
ECA0
E308
0003
EC10
0000
FDE8
ECA0
E308
0003
EC10
0000
FDE8
ECA0
E308
001F
EC10
0000
FDE8
ECA0
E308
0033
EC10
0000
FDE8
ECA0
E308
0033
EC10
0000
FDE8
ECA0
E308
0033
EC10
0000
FDE8
ECA0
E308
001E
EC10
0000
FDE8
ECA0
E308
0000
FDC8
FCA0
EA88
0000
FDC8
FCA0
EA88
000C
EC10
000D
E308
45B3
EC10
000E
E308
2E80
EC10
005F
EA87
0000
FCA8
FC10
0005
E308
0037
EC10
0000
FDE8
ECA0
E308
003F
EC10
0000
FDE8
ECA0
E308
0031
EC10
0000
FDE8
ECA0
E308
0030
EC10
0000
FDE8
ECA0
E308
0030
EC10
0000
FDE8
ECA0
E308
0018
EC10
0000
FDE8
ECA0
E308
000C
EC10
0000
FDE8
ECA0
E308
000C
EC10
0000
FDE8
ECA0
E308
000C
EC10
0000
FDE8
ECA0
E308
000C
EC10
0000
FDE8
ECA0
E308
0000
FDC8
FCA0
EA88
0000
FDC8
FCA0
EA88
000C
EC10
000D
E308
45B3
EC10
000E
E308
2ED5
EC10
005F
EA87
0000
FCA8
FC10
0005
E308
0038
EC10
0000
FDE8
ECA0
E308
001E
EC10
0000
FDE8
ECA0
E308
0033
EC10
0000
FDE8
ECA0
E308
0033
EC10
0000
FDE8
ECA0
E308
0033
EC10
0000
FDE8
ECA0
E308
001E
EC10
0000
FDE8
ECA0
E308
0033
EC10
0000
FDE8
ECA0
E308
0033
EC10
0000
FDE8
ECA0
E308
0033
EC10
0000
FDE8
ECA0
E308
001E
EC10
0000
FDE8
ECA0
E308
0000
FDC8
FCA0
EA88
0000
FDC8
FCA0
EA88
000C
EC10
000D
E308
45B3
EC10
000E
E308
2F2A
EC10
005F
EA87
0000
FCA8
FC10
0005
E308
0039
EC10
0000
FDE8
ECA0
E308
001E
EC10
0000
FDE8
ECA0
E308
0033
EC10
0000
FDE8
ECA0
E308
0033
EC10
0000
FDE8
ECA0
E308
0033
EC10
0000
FDE8
ECA0
E308
003E
EC10
0000
FDE8
ECA0
E308
0030
EC10
0000
FDE8
ECA0
E308
0030
EC10
0000
FDE8
ECA0
E308
0018
EC10
0000
FDE8
ECA0
E308
000E
EC10
0000
FDE8
ECA0
E308
0000
FDC8
FCA0
EA88
0000
FDC8
FCA0
EA88
000C
EC10
000D
E308
45B3
EC10
000E
E308
2F7F
EC10
005F
EA87
0000
FCA8
FC10
0005
E308
003A
EC10
0000
FDE8
ECA0
E308
0000
FDC8
FCA0
EA88
0000
FDC8
FCA0
EA88
000C
EC10
0000
FDE8
ECA0
E308
000C
EC10
0000
FDE8
ECA0
E308
0000
FDC8
FCA0
EA88
0000
FDC8
FCA0
EA88
000C
EC10
0000
FDE8
ECA0
E308
000C
EC10
0000
FDE8
ECA0
E308
0000
FDC8
FCA0
EA88
0000
FDC8
FCA0
EA88
0000
FDC8
FCA0
EA88
000C
EC10
000D
E308
45B3
EC10
000E
E308
2FCA
EC10
005F
EA87
0000
FCA8
FC10
0005
E308
003B
EC10
0000
FDE8
ECA0
E308
0000
FDC8
FCA0
EA88
0000
FDC8
FCA0
EA88
000C
EC10
0000
FDE8
ECA0
E308
000C
EC10
0000
FDE8
ECA0
E308
0000
FDC8
FCA0
EA88
0000
FDC8
FCA0
EA88
000C
EC10
0000
FDE8
ECA0
E308
000C
EC10
0000
FDE8
ECA0
E308
0006
EC10
0000
FDE8
ECA0
E308
0000
FDC8
FCA0
EA88
0000
FDC8
FCA0
EA88
000C
EC10
000D
E308
45B3
EC10
000E
E308
3017
EC10
005F
EA87
0000
FCA8
FC10
0005
E308
003C
EC10
0000
FDE8
ECA0
E308
0000
FDC8
FCA0
EA88
0000
FDC8
FCA0
EA88
0018
EC10
0000
FDE8
ECA0
E308
000C
EC10
0000
FDE8
ECA0
E308
0006
EC10
0000
FDE8
ECA0
E308
0003
EC10
0000
FDE8
ECA0
E308
0006
EC10
0000
FDE8
ECA0
E308
000C
EC10
0000
FDE8
ECA0
E308
0018
EC10
0000
FDE8
ECA0
E308
0000
FDC8
FCA0
EA88
0000
FDC8
FCA0
EA88
000C
EC10
000D
E308
45B3
EC10
000E
E308
3068
EC10
005F
EA87
0000
FCA8
FC10
0005
E308
003D
EC10
0000
FDE8
ECA0
E308
0000
FDC8
FCA0
EA88
0000
FDC8
FCA0
EA88
0000
FDC8
FCA0
EA88
003F
EC10
0000
FDE8
ECA0
E308
0000
FDC8
FCA0
EA88
0000
FDC8
FCA0
EA88
003F
EC10
0000
FDE8
ECA0
E308
0000
FDC8
FCA0
EA88
0000
FDC8
FCA0
EA88
0000
FDC8
FCA0
EA88
0000
FDC8
FCA0
EA88
000C
EC10
000D
E308
45B3
EC10
000E
E308
30AF
EC10
005F
EA87
0000
FCA8
FC10
0005
E308
003E
EC10
0000
FDE8
ECA0
E308
0000
FDC8
FCA0
EA88
0000
FDC8
FCA0
EA88
0003
EC10
0000
FDE8
ECA0
E308
0006
EC10
0000
FDE8
ECA0
E308
000C
EC10
0000
FDE8
ECA0
E308
0018
EC10
0000
FDE8
ECA0
E308
000C
EC10
0000
FDE8
ECA0
E308
0006
EC10
0000
FDE8
ECA0
E308
0003
EC10
0000
FDE8
ECA0
E308
0000
FDC8
FCA0
EA88
0000
FDC8
FCA0
EA88
000C
EC10
000D
E308
45B3
EC10
000E
E308
3100
EC10
005F
EA87
0000
FCA8
FC10
0005
E308
0040
EC10
0000
FDE8
ECA0
E308
001E
EC10
0000
FDE8
ECA0
E308
0033
EC10
0000
FDE8
ECA0
E308
0033
EC10
0000
FDE8
ECA0
E308
003B
EC10
0000
FDE8
ECA0
E308
003B
EC10
0000
FDE8
ECA0
E308
003B
EC10
0000
FDE8
ECA0
E308
001B
EC10
0000
FDE8
ECA0
E308
0003
EC10
0000
FDE8
ECA0
E308
001E
EC10
0000
FDE8
ECA0
E308
0000
FDC8
FCA0
EA88
0000
FDC8
FCA0
EA88
000C
EC10
000D
E308
45B3
EC10
000E
E308
3155
EC10
005F
EA87
0000
FCA8
FC10
0005
E308
003F
EC10
0000
FDE8
ECA0
E308
001E
EC10
0000
FDE8
ECA0
E308
0033
EC10
0000
FDE8
ECA0
E308
0033
EC10
0000
FDE8
ECA0
E308
0018
EC10
0000
FDE8
ECA0
E308
000C
EC10
0000
FDE8
ECA0
E308
000C
EC10
0000
FDE8
ECA0
E308
0000
FDC8
FCA0
EA88
000C
EC10
0000
FDE8
ECA0
E308
000C
EC10
0000
FDE8
ECA0
E308
0000
FDC8
FCA0
EA88
0000
FDC8
FCA0
EA88
000C
EC10
000D
E308
45B3
EC10
000E
E308
31A8
EC10
005F
EA87
0000
FCA8
FC10
0005
E308
0041
EC10
0000
FDE8
ECA0
E308
000C
EC10
0000
FDE8
ECA0
E308
001E
EC10
0000
FDE8
ECA0
E308
0033
EC10
0000
FDE8
ECA0
E308
0033
EC10
0000
FDE8
ECA0
E308
003F
EC10
0000
FDE8
ECA0
E308
0033
EC10
0000
FDE8
ECA0
E308
0033
EC10
0000
FDE8
ECA0
E308
0033
EC10
0000
FDE8
ECA0
E308
0033
EC10
0000
FDE8
ECA0
E308
0000
FDC8
FCA0
EA88
0000
FDC8
FCA0
EA88
000C
EC10
000D
E308
45B3
EC10
000E
E308
31FD
EC10
005F
EA87
0000
FCA8
FC10
0005
E308
0042
EC10
0000
FDE8
ECA0
E308
001F
EC10
0000
FDE8
ECA0
E308
0033
EC10
0000
FDE8
ECA0
E308
0033
EC10
0000
FDE8
ECA0
E308
0033
EC10
0000
FDE8
ECA0
E308
001F
EC10
0000
FDE8
ECA0
E308
0033
EC10
0000
FDE8
ECA0
E308
0033
EC10
0000
FDE8
ECA0
E308
0033
EC10
0000
FDE8
ECA0
E308
001F
EC10
0000
FDE8
ECA0
E308
0000
FDC8
FCA0
EA88
0000
FDC8
FCA0
EA88
000C
EC10
000D
E308
45B3
EC10
000E
E308
3252
EC10
005F
EA87
0000
FCA8
FC10
0005
E308
0043
EC10
0000
FDE8
ECA0
E308
001C
EC10
0000
FDE8
ECA0
E308
0036
EC10
0000
FDE8
ECA0
E308
0023
EC10
0000
FDE8
ECA0
E308
0003
EC10
0000
FDE8
ECA0
E308
0003
EC10
0000
FDE8
ECA0
E308
0003
EC10
0000
FDE8
ECA0
E308
0023
EC10
0000
FDE8
ECA0
E308
0036
EC10
0000
FDE8
ECA0
E308
001C
EC10
0000
FDE8
ECA0
E308
0000
FDC8
FCA0
EA88
0000
FDC8
FCA0
EA88
000C
EC10
000D
E308
45B3
EC10
000E
E308
32A7
EC10
005F
EA87
0000
FCA8
FC10
0005
E308
0044
EC10
0000
FDE8
ECA0
E308
000F
EC10
0000
FDE8
ECA0
E308
001B
EC10
0000
FDE8
ECA0
E308
0033
EC10
0000
FDE8
ECA0
E308
0033
EC10
0000
FDE8
ECA0
E308
0033
EC10
0000
FDE8
ECA0
E308
0033
EC10
0000
FDE8
ECA0
E308
0033
EC10
0000
FDE8
ECA0
E308
001B
EC10
0000
FDE8
ECA0
E308
000F
EC10
0000
FDE8
ECA0
E308
0000
FDC8
FCA0
EA88
0000
FDC8
FCA0
EA88
000C
EC10
000D
E308
45B3
EC10
000E
E308
32FC
EC10
005F
EA87
0000
FCA8
FC10
0005
E308
0045
EC10
0000
FDE8
ECA0
E308
003F
EC10
0000
FDE8
ECA0
E308
0033
EC10
0000
FDE8
ECA0
E308
0023
EC10
0000
FDE8
ECA0
E308
000B
EC10
0000
FDE8
ECA0
E308
000F
EC10
0000
FDE8
ECA0
E308
000B
EC10
0000
FDE8
ECA0
E308
0023
EC10
0000
FDE8
ECA0
E308
0033
EC10
0000
FDE8
ECA0
E308
003F
EC10
0000
FDE8
ECA0
E308
0000
FDC8
FCA0
EA88
0000
FDC8
FCA0
EA88
000C
EC10
000D
E308
45B3
EC10
000E
E308
3351
EC10
005F
EA87
0000
FCA8
FC10
0005
E308
0046
EC10
0000
FDE8
ECA0
E308
003F
EC10
0000
FDE8
ECA0
E308
0033
EC10
0000
FDE8
ECA0
E308
0023
EC10
0000
FDE8
ECA0
E308
000B
EC10
0000
FDE8
ECA0
E308
000F
EC10
0000
FDE8
ECA0
E308
000B
EC10
0000
FDE8
ECA0
E308
0003
EC10
0000
FDE8
ECA0
E308
0003
EC10
0000
FDE8
ECA0
E308
0003
EC10
0000
FDE8
ECA0
E308
0000
FDC8
FCA0
EA88
0000
FDC8
FCA0
EA88
000C
EC10
000D
E308
45B3
EC10
000E
E308
33A6
EC10
005F
EA87
0000
FCA8
FC10
0005
E308
0047
EC10
0000
FDE8
ECA0
E308
001C
EC10
0000
FDE8
ECA0
E308
0036
EC10
0000
FDE8
ECA0
E308
0023
EC10
0000
FDE8
ECA0
E308
0003
EC10
0000
FDE8
ECA0
E308
003B
EC10
0000
FDE8
ECA0
E308
0033
EC10
0000
FDE8
ECA0
E308
0033
EC10
0000
FDE8
ECA0
E308
0036
EC10
0000
FDE8
ECA0
E308
002C
EC10
0000
FDE8
ECA0
E308
0000
FDC8
FCA0
EA88
0000
FDC8
FCA0
EA88
000C
EC10
000D
E308
45B3
EC10
000E
E308
33FB
EC10
005F
EA87
0000
FCA8
FC10
0005
E308
0048
EC10
0000
FDE8
ECA0
E308
0033
EC10
0000
FDE8
ECA0
E308
0033
EC10
0000
FDE8
ECA0
E308
0033
EC10
0000
FDE8
ECA0
E308
0033
EC10
0000
FDE8
ECA0
E308
003F
EC10
0000
FDE8
ECA0
E308
0033
EC10
0000
FDE8
ECA0
E308
0033
EC10
0000
FDE8
ECA0
E308
0033
EC10
0000
FDE8
ECA0
E308
0033
EC10
0000
FDE8
ECA0
E308
0000
FDC8
FCA0
EA88
0000
FDC8
FCA0
EA88
000C
EC10
000D
E308
45B3
EC10
000E
E308
3450
EC10
005F
EA87
0000
FCA8
FC10
0005
E308
0049
EC10
0000
FDE8
ECA0
E308
001E
EC10
0000
FDE8
ECA0
E308
000C
EC10
0000
FDE8
ECA0
E308
000C
EC10
0000
FDE8
ECA0
E308
000C
EC10
0000
FDE8
ECA0
E308
000C
EC10
0000
FDE8
ECA0
E308
000C
EC10
0000
FDE8
ECA0
E308
000C
EC10
0000
FDE8
ECA0
E308
000C
EC10
0000
FDE8
ECA0
E308
001E
EC10
0000
FDE8
ECA0
E308
0000
FDC8
FCA0
EA88
0000
FDC8
FCA0
EA88
000C
EC10
000D
E308
45B3
EC10
000E
E308
34A5
EC10
005F
EA87
0000
FCA8
FC10
0005
E308
004A
EC10
0000
FDE8
ECA0
E308
003C
EC10
0000
FDE8
ECA0
E308
0018
EC10
0000
FDE8
ECA0
E308
0018
EC10
0000
FDE8
ECA0
E308
0018
EC10
0000
FDE8
ECA0
E308
0018
EC10
0000
FDE8
ECA0
E308
0018
EC10
0000
FDE8
ECA0
E308
001B
EC10
0000
FDE8
ECA0
E308
001B
EC10
0000
FDE8
ECA0
E308
000E
EC10
0000
FDE8
ECA0
E308
0000
FDC8
FCA0
EA88
0000
FDC8
FCA0
EA88
000C
EC10
000D
E308
45B3
EC10
000E
E308
34FA
EC10
005F
EA87
0000
FCA8
FC10
0005
E308
004B
EC10
0000
FDE8
ECA0
E308
0033
EC10
0000
FDE8
ECA0
E308
0033
EC10
0000
FDE8
ECA0
E308
0033
EC10
0000
FDE8
ECA0
E308
001B
EC10
0000
FDE8
ECA0
E308
000F
EC10
0000
FDE8
ECA0
E308
001B
EC10
0000
FDE8
ECA0
E308
0033
EC10
0000
FDE8
ECA0
E308
0033
EC10
0000
FDE8
ECA0
E308
0033
EC10
0000
FDE8
ECA0
E308
0000
FDC8
FCA0
EA88
0000
FDC8
FCA0
EA88
000C
EC10
000D
E308
45B3
EC10
000E
E308
354F
EC10
005F
EA87
0000
FCA8
FC10
0005
E308
004C
EC10
0000
FDE8
ECA0
E308
0003
EC10
0000
FDE8
ECA0
E308
0003
EC10
0000
FDE8
ECA0
E308
0003
EC10
0000
FDE8
ECA0
E308
0003
EC10
0000
FDE8
ECA0
E308
0003
EC10
0000
FDE8
ECA0
E308
0003
EC10
0000
FDE8
ECA0
E308
0023
EC10
0000
FDE8
ECA0
E308
0033
EC10
0000
FDE8
ECA0
E308
003F
EC10
0000
FDE8
ECA0
E308
0000
FDC8
FCA0
EA88
0000
FDC8
FCA0
EA88
000C
EC10
000D
E308
45B3
EC10
000E
E308
35A4
EC10
005F
EA87
0000
FCA8
FC10
0005
E308
004D
EC10
0000
FDE8
ECA0
E308
0021
EC10
0000
FDE8
ECA0
E308
0033
EC10
0000
FDE8
ECA0
E308
003F
EC10
0000
FDE8
ECA0
E308
003F
EC10
0000
FDE8
ECA0
E308
0033
EC10
0000
FDE8
ECA0
E308
0033
EC10
0000
FDE8
ECA0
E308
0033
EC10
0000
FDE8
ECA0
E308
0033
EC10
0000
FDE8
ECA0
E308
0033
EC10
0000
FDE8
ECA0
E308
0000
FDC8
FCA0
EA88
0000
FDC8
FCA0
EA88
000C
EC10
000D
E308
45B3
EC10
000E
E308
35F9
EC10
005F
EA87
0000
FCA8
FC10
0005
E308
004E
EC10
0000
FDE8
ECA0
E308
0033
EC10
0000
FDE8
ECA0
E308
0033
EC10
0000
FDE8
ECA0
E308
0037
EC10
0000
FDE8
ECA0
E308
0037
EC10
0000
FDE8
ECA0
E308
003F
EC10
0000
FDE8
ECA0
E308
003B
EC10
0000
FDE8
ECA0
E308
003B
EC10
0000
FDE8
ECA0
E308
0033
EC10
0000
FDE8
ECA0
E308
0033
EC10
0000
FDE8
ECA0
E308
0000
FDC8
FCA0
EA88
0000
FDC8
FCA0
EA88
000C
EC10
000D
E308
45B3
EC10
000E
E308
364E
EC10
005F
EA87
0000
FCA8
FC10
0005
E308
004F
EC10
0000
FDE8
ECA0
E308
001E
EC10
0000
FDE8
ECA0
E308
0033
EC10
0000
FDE8
ECA0
E308
0033
EC10
0000
FDE8
ECA0
E308
0033
EC10
0000
FDE8
ECA0
E308
0033
EC10
0000
FDE8
ECA0
E308
0033
EC10
0000
FDE8
ECA0
E308
0033
EC10
0000
FDE8
ECA0
E308
0033
EC10
0000
FDE8
ECA0
E308
001E
EC10
0000
FDE8
ECA0
E308
0000
FDC8
FCA0
EA88
0000
FDC8
FCA0
EA88
000C
EC10
000D
E308
45B3
EC10
000E
E308
36A3
EC10
005F
EA87
0000
FCA8
FC10
0005
E308
0050
EC10
0000
FDE8
ECA0
E308
001F
EC10
0000
FDE8
ECA0
E308
0033
EC10
0000
FDE8
ECA0
E308
0033
EC10
0000
FDE8
ECA0
E308
0033
EC10
0000
FDE8
ECA0
E308
001F
EC10
0000
FDE8
ECA0
E308
0003
EC10
0000
FDE8
ECA0
E308
0003
EC10
0000
FDE8
ECA0
E308
0003
EC10
0000
FDE8
ECA0
E308
0003
EC10
0000
FDE8
ECA0
E308
0000
FDC8
FCA0
EA88
0000
FDC8
FCA0
EA88
000C
EC10
000D
E308
45B3
EC10
000E
E308
36F8
EC10
005F
EA87
0000
FCA8
FC10
0005
E308
0051
EC10
0000
FDE8
ECA0
E308
001E
EC10
0000
FDE8
ECA0
E308
0033
EC10
0000
FDE8
ECA0
E308
0033
EC10
0000
FDE8
ECA0
E308
0033
EC10
0000
FDE8
ECA0
E308
0033
EC10
0000
FDE8
ECA0
E308
0033
EC10
0000
FDE8
ECA0
E308
003F
EC10
0000
FDE8
ECA0
E308
003B
EC10
0000
FDE8
ECA0
E308
001E
EC10
0000
FDE8
ECA0
E308
0030
EC10
0000
FDE8
ECA0
E308
0000
FDC8
FCA0
EA88
000C
EC10
000D
E308
45B3
EC10
000E
E308
374F
EC10
005F
EA87
0000
FCA8
FC10
0005
E308
0052
EC10
0000
FDE8
ECA0
E308
001F
EC10
0000
FDE8
ECA0
E308
0033
EC10
0000
FDE8
ECA0
E308
0033
EC10
0000
FDE8
ECA0
E308
0033
EC10
0000
FDE8
ECA0
E308
001F
EC10
0000
FDE8
ECA0
E308
001B
EC10
0000
FDE8
ECA0
E308
0033
EC10
0000
FDE8
ECA0
E308
0033
EC10
0000
FDE8
ECA0
E308
0033
EC10
0000
FDE8
ECA0
E308
0000
FDC8
FCA0
EA88
0000
FDC8
FCA0
EA88
000C
EC10
000D
E308
45B3
EC10
000E
E308
37A4
EC10
005F
EA87
0000
FCA8
FC10
0005
E308
0053
EC10
0000
FDE8
ECA0
E308
001E
EC10
0000
FDE8
ECA0
E308
0033
EC10
0000
FDE8
ECA0
E308
0033
EC10
0000
FDE8
ECA0
E308
0006
EC10
0000
FDE8
ECA0
E308
001C
EC10
0000
FDE8
ECA0
E308
0030
EC10
0000
FDE8
ECA0
E308
0033
EC10
0000
FDE8
ECA0
E308
0033
EC10
0000
FDE8
ECA0
E308
001E
EC10
0000
FDE8
ECA0
E308
0000
FDC8
FCA0
EA88
0000
FDC8
FCA0
EA88
000C
EC10
000D
E308
45B3
EC10
000E
E308
37F9
EC10
005F
EA87
0000
FCA8
FC10
0005
E308
0054
EC10
0000
FDE8
ECA0
E308
003F
EC10
0000
FDE8
ECA0
E308
003F
EC10
0000
FDE8
ECA0
E308
002D
EC10
0000
FDE8
ECA0
E308
000C
EC10
0000
FDE8
ECA0
E308
000C
EC10
0000
FDE8
ECA0
E308
000C
EC10
0000
FDE8
ECA0
E308
000C
EC10
0000
FDE8
ECA0
E308
000C
EC10
0000
FDE8
ECA0
E308
001E
EC10
0000
FDE8
ECA0
E308
0000
FDC8
FCA0
EA88
0000
FDC8
FCA0
EA88
000C
EC10
000D
E308
45B3
EC10
000E
E308
384E
EC10
005F
EA87
0000
FCA8
FC10
0005
E308
0055
EC10
0000
FDE8
ECA0
E308
0033
EC10
0000
FDE8
ECA0
E308
0033
EC10
0000
FDE8
ECA0
E308
0033
EC10
0000
FDE8
ECA0
E308
0033
EC10
0000
FDE8
ECA0
E308
0033
EC10
0000
FDE8
ECA0
E308
0033
EC10
0000
FDE8
ECA0
E308
0033
EC10
0000
FDE8
ECA0
E308
0033
EC10
0000
FDE8
ECA0
E308
001E
EC10
0000
FDE8
ECA0
E308
0000
FDC8
FCA0
EA88
0000
FDC8
FCA0
EA88
000C
EC10
000D
E308
45B3
EC10
000E
E308
38A3
EC10
005F
EA87
0000
FCA8
FC10
0005
E308
0056
EC10
0000
FDE8
ECA0
E308
0033
EC10
0000
FDE8
ECA0
E308
0033
EC10
0000
FDE8
ECA0
E308
0033
EC10
0000
FDE8
ECA0
E308
0033
EC10
0000
FDE8
ECA0
E308
0033
EC10
0000
FDE8
ECA0
E308
001E
EC10
0000
FDE8
ECA0
E308
001E
EC10
0000
FDE8
ECA0
E308
000C
EC10
0000
FDE8
ECA0
E308
000C
EC10
0000
FDE8
ECA0
E308
0000
FDC8
FCA0
EA88
0000
FDC8
FCA0
EA88
000C
EC10
000D
E308
45B3
EC10
000E
E308
38F8
EC10
005F
EA87
0000
FCA8
FC10
0005
E308
0057
EC10
0000
FDE8
ECA0
E308
0033
EC10
0000
FDE8
ECA0
E308
0033
EC10
0000
FDE8
ECA0
E308
0033
EC10
0000
FDE8
ECA0
E308
0033
EC10
0000
FDE8
ECA0
E308
0033
EC10
0000
FDE8
ECA0
E308
003F
EC10
0000
FDE8
ECA0
E308
003F
EC10
0000
FDE8
ECA0
E308
003F
EC10
0000
FDE8
ECA0
E308
0012
EC10
0000
FDE8
ECA0
E308
0000
FDC8
FCA0
EA88
0000
FDC8
FCA0
EA88
000C
EC10
000D
E308
45B3
EC10
000E
E308
394D
EC10
005F
EA87
0000
FCA8
FC10
0005
E308
0058
EC10
0000
FDE8
ECA0
E308
0033
EC10
0000
FDE8
ECA0
E308
0033
EC10
0000
FDE8
ECA0
E308
001E
EC10
0000
FDE8
ECA0
E308
001E
EC10
0000
FDE8
ECA0
E308
000C
EC10
0000
FDE8
ECA0
E308
001E
EC10
0000
FDE8
ECA0
E308
001E
EC10
0000
FDE8
ECA0
E308
0033
EC10
0000
FDE8
ECA0
E308
0033
EC10
0000
FDE8
ECA0
E308
0000
FDC8
FCA0
EA88
0000
FDC8
FCA0
EA88
000C
EC10
000D
E308
45B3
EC10
000E
E308
39A2
EC10
005F
EA87
0000
FCA8
FC10
0005
E308
0059
EC10
0000
FDE8
ECA0
E308
0033
EC10
0000
FDE8
ECA0
E308
0033
EC10
0000
FDE8
ECA0
E308
0033
EC10
0000
FDE8
ECA0
E308
0033
EC10
0000
FDE8
ECA0
E308
001E
EC10
0000
FDE8
ECA0
E308
000C
EC10
0000
FDE8
ECA0
E308
000C
EC10
0000
FDE8
ECA0
E308
000C
EC10
0000
FDE8
ECA0
E308
001E
EC10
0000
FDE8
ECA0
E308
0000
FDC8
FCA0
EA88
0000
FDC8
FCA0
EA88
000C
EC10
000D
E308
45B3
EC10
000E
E308
39F7
EC10
005F
EA87
0000
FCA8
FC10
0005
E308
005A
EC10
0000
FDE8
ECA0
E308
003F
EC10
0000
FDE8
ECA0
E308
0033
EC10
0000
FDE8
ECA0
E308
0031
EC10
0000
FDE8
ECA0
E308
0018
EC10
0000
FDE8
ECA0
E308
000C
EC10
0000
FDE8
ECA0
E308
0006
EC10
0000
FDE8
ECA0
E308
0023
EC10
0000
FDE8
ECA0
E308
0033
EC10
0000
FDE8
ECA0
E308
003F
EC10
0000
FDE8
ECA0
E308
0000
FDC8
FCA0
EA88
0000
FDC8
FCA0
EA88
000C
EC10
000D
E308
45B3
EC10
000E
E308
3A4C
EC10
005F
EA87
0000
FCA8
FC10
0005
E308
005B
EC10
0000
FDE8
ECA0
E308
001E
EC10
0000
FDE8
ECA0
E308
0006
EC10
0000
FDE8
ECA0
E308
0006
EC10
0000
FDE8
ECA0
E308
0006
EC10
0000
FDE8
ECA0
E308
0006
EC10
0000
FDE8
ECA0
E308
0006
EC10
0000
FDE8
ECA0
E308
0006
EC10
0000
FDE8
ECA0
E308
0006
EC10
0000
FDE8
ECA0
E308
001E
EC10
0000
FDE8
ECA0
E308
0000
FDC8
FCA0
EA88
0000
FDC8
FCA0
EA88
000C
EC10
000D
E308
45B3
EC10
000E
E308
3AA1
EC10
005F
EA87
0000
FCA8
FC10
0005
E308
005C
EC10
0000
FDE8
ECA0
E308
0000
FDC8
FCA0
EA88
0000
FDC8
FCA0
EA88
0000
FDC8
FCA0
EFC8
0003
EC10
0000
FDE8
ECA0
E308
0006
EC10
0000
FDE8
ECA0
E308
000C
EC10
0000
FDE8
ECA0
E308
0018
EC10
0000
FDE8
ECA0
E308
0030
EC10
0000
FDE8
ECA0
E308
0020
EC10
0000
FDE8
ECA0
E308
0000
FDC8
FCA0
EA88
0000
FDC8
FCA0
EA88
000C
EC10
000D
E308
45B3
EC10
000E
E308
3AF0
EC10
005F
EA87
0000
FCA8
FC10
0005
E308
005D
EC10
0000
FDE8
ECA0
E308
001E
EC10
0000
FDE8
ECA0
E308
0018
EC10
0000
FDE8
ECA0
E308
0018
EC10
0000
FDE8
ECA0
E308
0018
EC10
0000
FDE8
ECA0
E308
0018
EC10
0000
FDE8
ECA0
E308
0018
EC10
0000
FDE8
ECA0
E308
0018
EC10
0000
FDE8
ECA0
E308
0018
EC10
0000
FDE8
ECA0
E308
001E
EC10
0000
FDE8
ECA0
E308
0000
FDC8
FCA0
EA88
0000
FDC8
FCA0
EA88
000C
EC10
000D
E308
45B3
EC10
000E
E308
3B45
EC10
005F
EA87
0000
FCA8
FC10
0005
E308
005E
EC10
0000
FDE8
ECA0
E308
0008
EC10
0000
FDE8
ECA0
E308
001C
EC10
0000
FDE8
ECA0
E308
0036
EC10
0000
FDE8
ECA0
E308
0000
FDC8
FCA0
EA88
0000
FDC8
FCA0
EA88
0000
FDC8
FCA0
EA88
0000
FDC8
FCA0
EA88
0000
FDC8
FCA0
EA88
0000
FDC8
FCA0
EA88
0000
FDC8
FCA0
EA88
0000
FDC8
FCA0
EA88
000C
EC10
000D
E308
45B3
EC10
000E
E308
3B8E
EC10
005F
EA87
0000
FCA8
FC10
0005
E308
005F
EC10
0000
FDE8
ECA0
E308
0000
FDC8
FCA0
EA88
0000
FDC8
FCA0
EA88
0000
FDC8
FCA0
EA88
0000
FDC8
FCA0
EA88
0000
FDC8
FCA0
EA88
0000
FDC8
FCA0
EA88
0000
FDC8
FCA0
EA88
0000
FDC8
FCA0
EA88
0000
FDC8
FCA0
EA88
003F
EC10
0000
FDE8
ECA0
E308
0000
FDC8
FCA0
EA88
000C
EC10
000D
E308
45B3
EC10
000E
E308
3BD3
EC10
005F
EA87
0000
FCA8
FC10
0005
E308
0060
EC10
0000
FDE8
ECA0
E308
0006
EC10
0000
FDE8
ECA0
E308
000C
EC10
0000
FDE8
ECA0
E308
0018
EC10
0000
FDE8
ECA0
E308
0000
FDC8
FCA0
EA88
0000
FDC8
FCA0
EA88
0000
FDC8
FCA0
EA88
0000
FDC8
FCA0
EA88
0000
FDC8
FCA0
EA88
0000
FDC8
FCA0
EA88
0000
FDC8
FCA0
EA88
0000
FDC8
FCA0
EA88
000C
EC10
000D
E308
45B3
EC10
000E
E308
3C1C
EC10
005F
EA87
0000
FCA8
FC10
0005
E308
0061
EC10
0000
FDE8
ECA0
E308
0000
FDC8
FCA0
EA88
0000
FDC8
FCA0
EA88
0000
FDC8
FCA0
EA88
000E
EC10
0000
FDE8
ECA0
E308
0018
EC10
0000
FDE8
ECA0
E308
001E
EC10
0000
FDE8
ECA0
E308
001B
EC10
0000
FDE8
ECA0
E308
001B
EC10
0000
FDE8
ECA0
E308
0036
EC10
0000
FDE8
ECA0
E308
0000
FDC8
FCA0
EA88
0000
FDC8
FCA0
EA88
000C
EC10
000D
E308
45B3
EC10
000E
E308
3C6B
EC10
005F
EA87
0000
FCA8
FC10
0005
E308
0062
EC10
0000
FDE8
ECA0
E308
0003
EC10
0000
FDE8
ECA0
E308
0003
EC10
0000
FDE8
ECA0
E308
0003
EC10
0000
FDE8
ECA0
E308
000F
EC10
0000
FDE8
ECA0
E308
001B
EC10
0000
FDE8
ECA0
E308
0033
EC10
0000
FDE8
ECA0
E308
0033
EC10
0000
FDE8
ECA0
E308
0033
EC10
0000
FDE8
ECA0
E308
001E
EC10
0000
FDE8
ECA0
E308
0000
FDC8
FCA0
EA88
0000
FDC8
FCA0
EA88
000C
EC10
000D
E308
45B3
EC10
000E
E308
3CC0
EC10
005F
EA87
0000
FCA8
FC10
0005
E308
0063
EC10
0000
FDE8
ECA0
E308
0000
FDC8
FCA0
EA88
0000
FDC8
FCA0
EA88
0000
FDC8
FCA0
EA88
001E
EC10
0000
FDE8
ECA0
E308
0033
EC10
0000
FDE8
ECA0
E308
0003
EC10
0000
FDE8
ECA0
E308
0003
EC10
0000
FDE8
ECA0
E308
0033
EC10
0000
FDE8
ECA0
E308
001E
EC10
0000
FDE8
ECA0
E308
0000
FDC8
FCA0
EA88
0000
FDC8
FCA0
EA88
000C
EC10
000D
E308
45B3
EC10
000E
E308
3D0F
EC10
005F
EA87
0000
FCA8
FC10
0005
E308
0064
EC10
0000
FDE8
ECA0
E308
0030
EC10
0000
FDE8
ECA0
E308
0030
EC10
0000
FDE8
ECA0
E308
0030
EC10
0000
FDE8
ECA0
E308
003C
EC10
0000
FDE8
ECA0
E308
0036
EC10
0000
FDE8
ECA0
E308
0033
EC10
0000
FDE8
ECA0
E308
0033
EC10
0000
FDE8
ECA0
E308
0033
EC10
0000
FDE8
ECA0
E308
001E
EC10
0000
FDE8
ECA0
E308
0000
FDC8
FCA0
EA88
0000
FDC8
FCA0
EA88
000C
EC10
000D
E308
45B3
EC10
000E
E308
3D64
EC10
005F
EA87
0000
FCA8
FC10
0005
E308
0065
EC10
0000
FDE8
ECA0
E308
0000
FDC8
FCA0
EA88
0000
FDC8
FCA0
EA88
0000
FDC8
FCA0
EA88
001E
EC10
0000
FDE8
ECA0
E308
0033
EC10
0000
FDE8
ECA0
E308
003F
EC10
0000
FDE8
ECA0
E308
0003
EC10
0000
FDE8
ECA0
E308
0033
EC10
0000
FDE8
ECA0
E308
001E
EC10
0000
FDE8
ECA0
E308
0000
FDC8
FCA0
EA88
0000
FDC8
FCA0
EA88
000C
EC10
000D
E308
45B3
EC10
000E
E308
3DB3
EC10
005F
EA87
0000
FCA8
FC10
0005
E308
0066
EC10
0000
FDE8
ECA0
E308
001C
EC10
0000
FDE8
ECA0
E308
0036
EC10
0000
FDE8
ECA0
E308
0026
EC10
0000
FDE8
ECA0
E308
0006
EC10
0000
FDE8
ECA0
E308
000F
EC10
0000
FDE8
ECA0
E308
0006
EC10
0000
FDE8
ECA0
E308
0006
EC10
0000
FDE8
ECA0
E308
0006
EC10
0000
FDE8
ECA0
E308
000F
EC10
0000
FDE8
ECA0
E308
0000
FDC8
FCA0
EA88
0000
FDC8
FCA0
EA88
000C
EC10
000D
E308
45B3
EC10
000E
E308
3E08
EC10
005F
EA87
0000
FCA8
FC10
0005
E308
0067
EC10
0000
FDE8
ECA0
E308
0000
FDC8
FCA0
EA88
0000
FDC8
FCA0
EA88
001E
EC10
0000
FDE8
ECA0
E308
0033
EC10
0000
FDE8
ECA0
E308
0033
EC10
0000
FDE8
ECA0
E308
0033
EC10
0000
FDE8
ECA0
E308
003E
EC10
0000
FDE8
ECA0
E308
0030
EC10
0000
FDE8
ECA0
E308
0033
EC10
0000
FDE8
ECA0
E308
001E
EC10
0000
FDE8
ECA0
E308
0000
FDC8
FCA0
EA88
000C
EC10
000D
E308
45B3
EC10
000E
E308
3E5B
EC10
005F
EA87
0000
FCA8
FC10
0005
E308
0068
EC10
0000
FDE8
ECA0
E308
0003
EC10
0000
FDE8
ECA0
E308
0003
EC10
0000
FDE8
ECA0
E308
0003
EC10
0000
FDE8
ECA0
E308
001B
EC10
0000
FDE8
ECA0
E308
0037
EC10
0000
FDE8
ECA0
E308
0033
EC10
0000
FDE8
ECA0
E308
0033
EC10
0000
FDE8
ECA0
E308
0033
EC10
0000
FDE8
ECA0
E308
0033
EC10
0000
FDE8
ECA0
E308
0000
FDC8
FCA0
EA88
0000
FDC8
FCA0
EA88
000C
EC10
000D
E308
45B3
EC10
000E
E308
3EB0
EC10
005F
EA87
0000
FCA8
FC10
0005
E308
0069
EC10
0000
FDE8
ECA0
E308
000C
EC10
0000
FDE8
ECA0
E308
000C
EC10
0000
FDE8
ECA0
E308
0000
FDC8
FCA0
EA88
000E
EC10
0000
FDE8
ECA0
E308
000C
EC10
0000
FDE8
ECA0
E308
000C
EC10
0000
FDE8
ECA0
E308
000C
EC10
0000
FDE8
ECA0
E308
000C
EC10
0000
FDE8
ECA0
E308
001E
EC10
0000
FDE8
ECA0
E308
0000
FDC8
FCA0
EA88
0000
FDC8
FCA0
EA88
000C
EC10
000D
E308
45B3
EC10
000E
E308
3F03
EC10
005F
EA87
0000
FCA8
FC10
0005
E308
006A
EC10
0000
FDE8
ECA0
E308
0030
EC10
0000
FDE8
ECA0
E308
0030
EC10
0000
FDE8
ECA0
E308
0000
FDC8
FCA0
EA88
0038
EC10
0000
FDE8
ECA0
E308
0030
EC10
0000
FDE8
ECA0
E308
0030
EC10
0000
FDE8
ECA0
E308
0030
EC10
0000
FDE8
ECA0
E308
0030
EC10
0000
FDE8
ECA0
E308
0033
EC10
0000
FDE8
ECA0
E308
001E
EC10
0000
FDE8
ECA0
E308
0000
FDC8
FCA0
EA88
000C
EC10
000D
E308
45B3
EC10
000E
E308
3F58
EC10
005F
EA87
0000
FCA8
FC10
0005
E308
006B
EC10
0000
FDE8
ECA0
E308
0003
EC10
0000
FDE8
ECA0
E308
0003
EC10
0000
FDE8
ECA0
E308
0003
EC10
0000
FDE8
ECA0
E308
0033
EC10
0000
FDE8
ECA0
E308
001B
EC10
0000
FDE8
ECA0
E308
000F
EC10
0000
FDE8
ECA0
E308
000F
EC10
0000
FDE8
ECA0
E308
001B
EC10
0000
FDE8
ECA0
E308
0033
EC10
0000
FDE8
ECA0
E308
0000
FDC8
FCA0
EA88
0000
FDC8
FCA0
EA88
000C
EC10
000D
E308
45B3
EC10
000E
E308
3FAD
EC10
005F
EA87
0000
FCA8
FC10
0005
E308
006C
EC10
0000
FDE8
ECA0
E308
000E
EC10
0000
FDE8
ECA0
E308
000C
EC10
0000
FDE8
ECA0
E308
000C
EC10
0000
FDE8
ECA0
E308
000C
EC10
0000
FDE8
ECA0
E308
000C
EC10
0000
FDE8
ECA0
E308
000C
EC10
0000
FDE8
ECA0
E308
000C
EC10
0000
FDE8
ECA0
E308
000C
EC10
0000
FDE8
ECA0
E308
001E
EC10
0000
FDE8
ECA0
E308
0000
FDC8
FCA0
EA88
0000
FDC8
FCA0
EA88
000C
EC10
000D
E308
45B3
EC10
000E
E308
4002
EC10
005F
EA87
0000
FCA8
FC10
0005
E308
006D
EC10
0000
FDE8
ECA0
E308
0000
FDC8
FCA0
EA88
0000
FDC8
FCA0
EA88
0000
FDC8
FCA0
EA88
001D
EC10
0000
FDE8
ECA0
E308
003F
EC10
0000
FDE8
ECA0
E308
002B
EC10
0000
FDE8
ECA0
E308
002B
EC10
0000
FDE8
ECA0
E308
002B
EC10
0000
FDE8
ECA0
E308
002B
EC10
0000
FDE8
ECA0
E308
0000
FDC8
FCA0
EA88
0000
FDC8
FCA0
EA88
000C
EC10
000D
E308
45B3
EC10
000E
E308
4051
EC10
005F
EA87
0000
FCA8
FC10
0005
E308
006E
EC10
0000
FDE8
ECA0
E308
0000
FDC8
FCA0
EA88
0000
FDC8
FCA0
EA88
0000
FDC8
FCA0
EA88
001D
EC10
0000
FDE8
ECA0
E308
0033
EC10
0000
FDE8
ECA0
E308
0033
EC10
0000
FDE8
ECA0
E308
0033
EC10
0000
FDE8
ECA0
E308
0033
EC10
0000
FDE8
ECA0
E308
0033
EC10
0000
FDE8
ECA0
E308
0000
FDC8
FCA0
EA88
0000
FDC8
FCA0
EA88
000C
EC10
000D
E308
45B3
EC10
000E
E308
40A0
EC10
005F
EA87
0000
FCA8
FC10
0005
E308
006F
EC10
0000
FDE8
ECA0
E308
0000
FDC8
FCA0
EA88
0000
FDC8
FCA0
EA88
0000
FDC8
FCA0
EA88
001E
EC10
0000
FDE8
ECA0
E308
0033
EC10
0000
FDE8
ECA0
E308
0033
EC10
0000
FDE8
ECA0
E308
0033
EC10
0000
FDE8
ECA0
E308
0033
EC10
0000
FDE8
ECA0
E308
001E
EC10
0000
FDE8
ECA0
E308
0000
FDC8
FCA0
EA88
0000
FDC8
FCA0
EA88
000C
EC10
000D
E308
45B3
EC10
000E
E308
40EF
EC10
005F
EA87
0000
FCA8
FC10
0005
E308
0070
EC10
0000
FDE8
ECA0
E308
0000
FDC8
FCA0
EA88
0000
FDC8
FCA0
EA88
0000
FDC8
FCA0
EA88
001E
EC10
0000
FDE8
ECA0
E308
0033
EC10
0000
FDE8
ECA0
E308
0033
EC10
0000
FDE8
ECA0
E308
0033
EC10
0000
FDE8
ECA0
E308
001F
EC10
0000
FDE8
ECA0
E308
0003
EC10
0000
FDE8
ECA0
E308
0003
EC10
0000
FDE8
ECA0
E308
0000
FDC8
FCA0
EA88
000C
EC10
000D
E308
45B3
EC10
000E
E308
4140
EC10
005F
EA87
0000
FCA8
FC10
0005
E308
0071
EC10
0000
FDE8
ECA0
E308
0000
FDC8
FCA0
EA88
0000
FDC8
FCA0
EA88
0000
FDC8
FCA0
EA88
001E
EC10
0000
FDE8
ECA0
E308
0033
EC10
0000
FDE8
ECA0
E308
0033
EC10
0000
FDE8
ECA0
E308
0033
EC10
0000
FDE8
ECA0
E308
003E
EC10
0000
FDE8
ECA0
E308
0030
EC10
0000
FDE8
ECA0
E308
0030
EC10
0000
FDE8
ECA0
E308
0000
FDC8
FCA0
EA88
000C
EC10
000D
E308
45B3
EC10
000E
E308
4191
EC10
005F
EA87
0000
FCA8
FC10
0005
E308
0072
EC10
0000
FDE8
ECA0
E308
0000
FDC8
FCA0
EA88
0000
FDC8
FCA0
EA88
0000
FDC8
FCA0
EA88
001D
EC10
0000
FDE8
ECA0
E308
0037
EC10
0000
FDE8
ECA0
E308
0033
EC10
0000
FDE8
ECA0
E308
0003
EC10
0000
FDE8
ECA0
E308
0003
EC10
0000
FDE8
ECA0
E308
0007
EC10
0000
FDE8
ECA0
E308
0000
FDC8
FCA0
EA88
0000
FDC8
FCA0
EA88
000C
EC10
000D
E308
45B3
EC10
000E
E308
41E0
EC10
005F
EA87
0000
FCA8
FC10
0005
E308
0073
EC10
0000
FDE8
ECA0
E308
0000
FDC8
FCA0
EA88
0000
FDC8
FCA0
EA88
0000
FDC8
FCA0
EA88
001E
EC10
0000
FDE8
ECA0
E308
0033
EC10
0000
FDE8
ECA0
E308
0006
EC10
0000
FDE8
ECA0
E308
0018
EC10
0000
FDE8
ECA0
E308
0033
EC10
0000
FDE8
ECA0
E308
001E
EC10
0000
FDE8
ECA0
E308
0000
FDC8
FCA0
EA88
0000
FDC8
FCA0
EA88
000C
EC10
000D
E308
45B3
EC10
000E
E308
422F
EC10
005F
EA87
0000
FCA8
FC10
0005
E308
0074
EC10
0000
FDE8
ECA0
E308
0004
EC10
0000
FDE8
ECA0
E308
0006
EC10
0000
FDE8
ECA0
E308
0006
EC10
0000
FDE8
ECA0
E308
000F
EC10
0000
FDE8
ECA0
E308
0006
EC10
0000
FDE8
ECA0
E308
0006
EC10
0000
FDE8
ECA0
E308
0006
EC10
0000
FDE8
ECA0
E308
0036
EC10
0000
FDE8
ECA0
E308
001C
EC10
0000
FDE8
ECA0
E308
0000
FDC8
FCA0
EA88
0000
FDC8
FCA0
EA88
000C
EC10
000D
E308
45B3
EC10
000E
E308
4284
EC10
005F
EA87
0000
FCA8
FC10
0005
E308
0075
EC10
0000
FDE8
ECA0
E308
0000
FDC8
FCA0
EA88
0000
FDC8
FCA0
EA88
0000
FDC8
FCA0
EA88
001B
EC10
0000
FDE8
ECA0
E308
001B
EC10
0000
FDE8
ECA0
E308
001B
EC10
0000
FDE8
ECA0
E308
001B
EC10
0000
FDE8
ECA0
E308
001B
EC10
0000
FDE8
ECA0
E308
0036
EC10
0000
FDE8
ECA0
E308
0000
FDC8
FCA0
EA88
0000
FDC8
FCA0
EA88
000C
EC10
000D
E308
45B3
EC10
000E
E308
42D3
EC10
005F
EA87
0000
FCA8
FC10
0005
E308
0076
EC10
0000
FDE8
ECA0
E308
0000
FDC8
FCA0
EA88
0000
FDC8
FCA0
EA88
0000
FDC8
FCA0
EA88
0033
EC10
0000
FDE8
ECA0
E308
0033
EC10
0000
FDE8
ECA0
E308
0033
EC10
0000
FDE8
ECA0
E308
0033
EC10
0000
FDE8
ECA0
E308
001E
EC10
0000
FDE8
ECA0
E308
000C
EC10
0000
FDE8
ECA0
E308
0000
FDC8
FCA0
EA88
0000
FDC8
FCA0
EA88
000C
EC10
000D
E308
45B3
EC10
000E
E308
4322
EC10
005F
EA87
0000
FCA8
FC10
0005
E308
0077
EC10
0000
FDE8
ECA0
E308
0000
FDC8
FCA0
EA88
0000
FDC8
FCA0
EA88
0000
FDC8
FCA0
EA88
0033
EC10
0000
FDE8
ECA0
E308
0033
EC10
0000
FDE8
ECA0
E308
0033
EC10
0000
FDE8
ECA0
E308
003F
EC10
0000
FDE8
ECA0
E308
003F
EC10
0000
FDE8
ECA0
E308
0012
EC10
0000
FDE8
ECA0
E308
0000
FDC8
FCA0
EA88
0000
FDC8
FCA0
EA88
000C
EC10
000D
E308
45B3
EC10
000E
E308
4371
EC10
005F
EA87
0000
FCA8
FC10
0005
E308
0078
EC10
0000
FDE8
ECA0
E308
0000
FDC8
FCA0
EA88
0000
FDC8
FCA0
EA88
0000
FDC8
FCA0
EA88
0033
EC10
0000
FDE8
ECA0
E308
001E
EC10
0000
FDE8
ECA0
E308
000C
EC10
0000
FDE8
ECA0
E308
000C
EC10
0000
FDE8
ECA0
E308
001E
EC10
0000
FDE8
ECA0
E308
0033
EC10
0000
FDE8
ECA0
E308
0000
FDC8
FCA0
EA88
0000
FDC8
FCA0
EA88
000C
EC10
000D
E308
45B3
EC10
000E
E308
43C0
EC10
005F
EA87
0000
FCA8
FC10
0005
E308
0079
EC10
0000
FDE8
ECA0
E308
0000
FDC8
FCA0
EA88
0000
FDC8
FCA0
EA88
0000
FDC8
FCA0
EA88
0033
EC10
0000
FDE8
ECA0
E308
0033
EC10
0000
FDE8
ECA0
E308
0033
EC10
0000
FDE8
ECA0
E308
003E
EC10
0000
FDE8
ECA0
E308
0030
EC10
0000
FDE8
ECA0
E308
0018
EC10
0000
FDE8
ECA0
E308
000F
EC10
0000
FDE8
ECA0
E308
0000
FDC8
FCA0
EA88
000C
EC10
000D
E308
45B3
EC10
000E
E308
4411
EC10
005F
EA87
0000
FCA8
FC10
0005
E308
007A
EC10
0000
FDE8
ECA0
E308
0000
FDC8
FCA0
EA88
0000
FDC8
FCA0
EA88
0000
FDC8
FCA0
EA88
003F
EC10
0000
FDE8
ECA0
E308
001B
EC10
0000
FDE8
ECA0
E308
000C
EC10
0000
FDE8
ECA0
E308
0006
EC10
0000
FDE8
ECA0
E308
0033
EC10
0000
FDE8
ECA0
E308
003F
EC10
0000
FDE8
ECA0
E308
0000
FDC8
FCA0
EA88
0000
FDC8
FCA0
EA88
000C
EC10
000D
E308
45B3
EC10
000E
E308
4460
EC10
005F
EA87
0000
FCA8
FC10
0005
E308
007B
EC10
0000
FDE8
ECA0
E308
0038
EC10
0000
FDE8
ECA0
E308
000C
EC10
0000
FDE8
ECA0
E308
000C
EC10
0000
FDE8
ECA0
E308
000C
EC10
0000
FDE8
ECA0
E308
0007
EC10
0000
FDE8
ECA0
E308
000C
EC10
0000
FDE8
ECA0
E308
000C
EC10
0000
FDE8
ECA0
E308
000C
EC10
0000
FDE8
ECA0
E308
0038
EC10
0000
FDE8
ECA0
E308
0000
FDC8
FCA0
EA88
0000
FDC8
FCA0
EA88
000C
EC10
000D
E308
45B3
EC10
000E
E308
44B5
EC10
005F
EA87
0000
FCA8
FC10
0005
E308
007C
EC10
0000
FDE8
ECA0
E308
000C
EC10
0000
FDE8
ECA0
E308
000C
EC10
0000
FDE8
ECA0
E308
000C
EC10
0000
FDE8
ECA0
E308
000C
EC10
0000
FDE8
ECA0
E308
000C
EC10
0000
FDE8
ECA0
E308
000C
EC10
0000
FDE8
ECA0
E308
000C
EC10
0000
FDE8
ECA0
E308
000C
EC10
0000
FDE8
ECA0
E308
000C
EC10
0000
FDE8
ECA0
E308
0000
FDC8
FCA0
EA88
0000
FDC8
FCA0
EA88
000C
EC10
000D
E308
45B3
EC10
000E
E308
450A
EC10
005F
EA87
0000
FCA8
FC10
0005
E308
007D
EC10
0000
FDE8
ECA0
E308
0007
EC10
0000
FDE8
ECA0
E308
000C
EC10
0000
FDE8
ECA0
E308
000C
EC10
0000
FDE8
ECA0
E308
000C
EC10
0000
FDE8
ECA0
E308
0038
EC10
0000
FDE8
ECA0
E308
000C
EC10
0000
FDE8
ECA0
E308
000C
EC10
0000
FDE8
ECA0
E308
000C
EC10
0000
FDE8
ECA0
E308
0007
EC10
0000
FDE8
ECA0
E308
0000
FDC8
FCA0
EA88
0000
FDC8
FCA0
EA88
000C
EC10
000D
E308
45B3
EC10
000E
E308
455F
EC10
005F
EA87
0000
FCA8
FC10
0005
E308
007E
EC10
0000
FDE8
ECA0
E308
0026
EC10
0000
FDE8
ECA0
E308
002D
EC10
0000
FDE8
ECA0
E308
0019
EC10
0000
FDE8
ECA0
E308
0000
FDC8
FCA0
EA88
0000
FDC8
FCA0
EA88
0000
FDC8
FCA0
EA88
0000
FDC8
FCA0
EA88
0000
FDC8
FCA0
EA88
0000
FDC8
FCA0
EA88
0000
FDC8
FCA0
EA88
0000
FDC8
FCA0
EA88
000C
EC10
000D
E308
45B3
EC10
000E
E308
45A8
EC10
005F
EA87
0000
FCA8
FC10
0005
E308
0000
FDC8
FCA0
EA88
0036
EA87
0000
FDE8
ECA0
EA88
000B
EC10
0000
FDE8
ECA0
E308
0001
EC10
000D
E308
16B0
EC10
000E
E308
45C9
EC10
005F
EA87
0000
FCA8
FC10
0001
FC20
E308
0002
FC20
FC10
0000
FDE8
ECA0
E308
0019
FC10
0000
FDE8
ECA0
E308
0000
FCA8
FC10
ECA0
F088
0001
FC20
FC10
0000
FDE8
ECA0
E308
0000
FCA8
FC10
0005
E308
0000
FCA8
FC10
0004
E308
0005
FC10
0000
FDE8
ECA0
E308
0000
FCA8
FC10
0004
FC20
E308
0000
FDC8
FCA0
EA88
0001
FC20
FC10
0000
FDE8
ECA0
E308
0000
FCA8
FC10
ECA0
F088
0002
FDE0
FC10
0000
FDE8
ECA0
E308
0000
FCA8
FC10
0005
E308
0000
FCA8
FC10
0004
E308
0005
FC10
0000
FDE8
ECA0
E308
0000
FCA8
FC10
0004
FC20
E308
0000
FDC8
FCA0
EFC8
0001
FC20
FC10
0000
FDE8
ECA0
E308
0000
FCA8
FC10
ECA0
F088
0002
FDE0
EDE0
FC10
0000
FDE8
ECA0
E308
0000
FCA8
FC10
0005
E308
0000
FCA8
FC10
0004
E308
0005
FC10
0000
FDE8
ECA0
E308
0000
FCA8
FC10
0004
FC20
E308
0002
EC10
0000
FDE8
ECA0
E308
0001
FC20
FC10
0000
FDE8
ECA0
E308
0000
FCA8
FC10
ECA0
F088
0002
FC10
0003
E0A0
FC10
0000
FDE8
ECA0
E308
0000
FCA8
FC10
0005
E308
0000
FCA8
FC10
0004
E308
0005
FC10
0000
FDE8
ECA0
E308
0000
FCA8
FC10
0004
FC20
E308
0003
EC10
0000
FDE8
ECA0
E308
0001
FC20
FC10
0000
FDE8
ECA0
E308
0000
FCA8
FC10
ECA0
F088
0002
FC10
0004
E0A0
FC10
0000
FDE8
ECA0
E308
0000
FCA8
FC10
0005
E308
0000
FCA8
FC10
0004
E308
0005
FC10
0000
FDE8
ECA0
E308
0000
FCA8
FC10
0004
FC20
E308
0004
EC10
0000
FDE8
ECA0
E308
0001
FC20
FC10
0000
FDE8
ECA0
E308
0000
FCA8
FC10
ECA0
F088
0002
FC10
0005
E0A0
FC10
0000
FDE8
ECA0
E308
0000
FCA8
FC10
0005
E308
0000
FCA8
FC10
0004
E308
0005
FC10
0000
FDE8
ECA0
E308
0000
FCA8
FC10
0004
FC20
E308
0005
EC10
0000
FDE8
ECA0
E308
0001
FC20
FC10
0000
FDE8
ECA0
E308
0000
FCA8
FC10
ECA0
F088
0002
FC10
0006
E0A0
FC10
0000
FDE8
ECA0
E308
0000
FCA8
FC10
0005
E308
0000
FCA8
FC10
0004
E308
0005
FC10
0000
FDE8
ECA0
E308
0000
FCA8
FC10
0004
FC20
E308
0006
EC10
0000
FDE8
ECA0
E308
0001
FC20
FC10
0000
FDE8
ECA0
E308
0000
FCA8
FC10
ECA0
F088
0002
FC10
0007
E0A0
FC10
0000
FDE8
ECA0
E308
0000
FCA8
FC10
0005
E308
0000
FCA8
FC10
0004
E308
0005
FC10
0000
FDE8
ECA0
E308
0000
FCA8
FC10
0004
FC20
E308
0007
EC10
0000
FDE8
ECA0
E308
0001
FC20
FC10
0000
FDE8
ECA0
E308
0000
FCA8
FC10
ECA0
F088
0002
FC10
0008
E0A0
FC10
0000
FDE8
ECA0
E308
0000
FCA8
FC10
0005
E308
0000
FCA8
FC10
0004
E308
0005
FC10
0000
FDE8
ECA0
E308
0000
FCA8
FC10
0004
FC20
E308
0008
EC10
0000
FDE8
ECA0
E308
0001
FC20
FC10
0000
FDE8
ECA0
E308
0000
FCA8
FC10
ECA0
F088
0002
FC10
0009
E0A0
FC10
0000
FDE8
ECA0
E308
0000
FCA8
FC10
0005
E308
0000
FCA8
FC10
0004
E308
0005
FC10
0000
FDE8
ECA0
E308
0000
FCA8
FC10
0004
FC20
E308
0009
EC10
0000
FDE8
ECA0
E308
0001
FC20
FC10
0000
FDE8
ECA0
E308
0000
FCA8
FC10
ECA0
F088
0002
FC10
000A
E0A0
FC10
0000
FDE8
ECA0
E308
0000
FCA8
FC10
0005
E308
0000
FCA8
FC10
0004
E308
0005
FC10
0000
FDE8
ECA0
E308
0000
FCA8
FC10
0004
FC20
E308
000A
EC10
0000
FDE8
ECA0
E308
0001
FC20
FC10
0000
FDE8
ECA0
E308
0000
FCA8
FC10
ECA0
F088
0002
FC10
000B
E0A0
FC10
0000
FDE8
ECA0
E308
0000
FCA8
FC10
0005
E308
0000
FCA8
FC10
0004
E308
0005
FC10
0000
FDE8
ECA0
E308
0000
FCA8
FC10
0004
FC20
E308
0000
FDC8
FCA0
EA88
0036
EA87
0004
EC10
E390
0000
FDE8
ECA0
EA88
481A
E301
007F
EC10
0000
FDE8
ECA0
E308
0001
EC10
000D
E308
16B0
EC10
000E
E308
4833
EC10
005F
EA87
0000
FCA8
FC10
001A
E308
0000
FDC8
FCA0
EA88
0000
FCA8
FC10
0001
FDE0
EDE0
E308
0001
FDE0
EDE0
FC10
0000
FDE8
ECA0
E308
007F
EC10
0000
FDE8
ECA0
E308
4855
EC10
0026
EA87
0000
FCA0
FC48
0000
FCA8
FC10
49AB
E305
0001
FDE0
EDE0
FC10
0000
FDE8
ECA0
E308
0019
FC10
0000
FDE8
ECA0
E308
0000
FCA8
FC10
ECA0
F088
0000
FCA8
FC10
0004
E308
0004
FC20
FC10
0000
FDE8
ECA0
E308
0000
FCA8
FC10
0001
FC20
E308
000B
EC10
0000
FDE8
ECA0
E308
0001
EC10
000D
E308
16B0
EC10
000E
E308
4894
EC10
005F
EA87
0000
FCA8
FC10
0001
FDE0
E308
0001
FDE0
EDE0
FC10
0000
FDE8
ECA0
E308
001A
FC10
0000
FDE8
ECA0
E308
0000
FCA8
FC10
ECA0
F088
0001
FDE0
FC10
0000
FDE8
ECA0
E308
0000
FCA8
FC10
0005
E308
0000
FCA8
FC10
0004
E308
0005
FC10
0000
FDE8
ECA0
E308
0000
FCA8
FC10
0004
FC20
E308
0000
FDC8
FCA0
EA88
0000
FCA8
FC10
0001
FDE0
EDE0
EDE0
E308
0001
FC10
0003
E0A0
FC10
0000
FDE8
ECA0
E308
000B
EC10
0000
FDE8
ECA0
E308
48E9
EC10
0026
EA87
0000
FCA0
FC48
0000
FCA8
FC10
496B
E305
0001
FC10
0003
E0A0
FC10
0000
FDE8
ECA0
E308
0001
FDE0
FC10
0000
FDE8
ECA0
E308
0000
FCA8
FC10
ECA0
F088
0001
FC10
0003
E0A0
FC10
0000
FDE8
ECA0
E308
0001
FC20
FC10
0000
FDE8
ECA0
E308
0000
FCA8
FC10
ECA0
F088
0000
FCA8
FC10
0004
E308
0004
FC20
FC10
0000
FDE8
ECA0
E308
0100
EC10
0000
FDE8
ECA0
E308
0002
EC10
000D
E308
1AA6
EC10
000E
E308
4939
EC10
005F
EA87
0000
FCA8
FC10
0005
E308
0000
FCA8
FC10
0004
E308
0005
FC10
0000
FDE8
ECA0
E308
0000
FCA8
FC10
0004
FC20
E308
0001
FC10
0003
E0A0
FC10
0000
FDE8
ECA0
E308
0000
FDC8
FCA0
EFC8
0000
FCA8
FC10
ECA0
F088
0000
FCA8
FC10
0001
FDE0
EDE0
EDE0
E308
48D6
EA87
0001
FDE0
EDE0
FC10
0000
FDE8
ECA0
E308
0000
FDC8
FCA0
EA88
497B
EC10
0006
EA87
0000
FCA8
FC10
4982
E305
4991
EA87
0020
EC10
0000
FDE8
ECA0
E308
0000
FCA8
FC10
0001
FDE0
EDE0
E308
49A9
EA87
0001
FDE0
EDE0
FC10
0000
FDE8
ECA0
E308
0000
FDC8
FCA0
EFC8
0000
FCA8
FC10
ECA0
F088
0000
FCA8
FC10
0001
FDE0
EDE0
E308
4843
EA87
0000
FDC8
FCA0
EA88
0036
EA87
0000
FDE8
ECA0
EA88
0002
FC20
FC10
0000
FDE8
ECA0
E308
0020
EC10
0000
FDE8
ECA0
E308
49C6
EC10
0026
EA87
0002
FC20
FC10
0000
FDE8
ECA0
E308
007E
EC10
0000
FDE8
ECA0
E308
49D7
EC10
0016
EA87
0000
FCA8
FC10
ECA0
F548
0000
FCA8
FC10
49E3
E305
49ED
EA87
0000
FDC8
FCA0
EA88
0000
FCA8
FC10
0002
FC20
E308
0015
FC10
0000
FDE8
ECA0
E308
0000
FCA8
FC10
49FA
E305
4A20
EA87
0002
FC20
FC10
0000
FDE8
ECA0
E308
0019
FC10
0000
FDE8
ECA0
E308
0000
FCA8
FC10
ECA0
F088
0000
FCA8
FC10
0004
E308
0004
FC20
FC10
0000
FDE8
ECA0
E308
0000
FCA8
FC10
0001
FC20
E308
4A44
EA87
0002
FC20
FC10
0000
FDE8
ECA0
E308
001A
FC10
0000
FDE8
ECA0
E308
0000
FCA8
FC10
ECA0
F088
0000
FCA8
FC10
0004
E308
0004
FC20
FC10
0000
FDE8
ECA0
E308
0000
FCA8
FC10
0001
FC20
E308
0001
FC20
FC10
0000
FDE8
ECA0
E308
0036
EA87
0004
EC10
E390
0000
FDE8
ECA0
EA88
4A4F
E301
0002
FC20
FC10
0000
FDE8
ECA0
E308
0001
EC10
000D
E308
49B1
EC10
000E
E308
4A69
EC10
005F
EA87
0000
FCA8
FC10
0001
FDE0
EDE0
E308
0016
FC10
0000
FDE8
ECA0
E308
0000
FCA8
FC10
0001
FC20
E308
0001
FDE0
FC10
0000
FDE8
ECA0
E308
000B
EC10
0000
FDE8
ECA0
E308
4A8D
EC10
0026
EA87
0000
FCA0
FC48
0000
FCA8
FC10
4B90
E305
0015
FC10
0000
FDE8
ECA0
E308
0000
FCA8
FC10
4AA2
E305
4AD9
EA87
0001
FC20
FC10
0000
FDE8
ECA0
E308
0014
FC10
0000
FDE8
ECA0
E308
0000
FCA8
FC10
ECA0
F088
0000
FCA8
FC10
0004
E308
0004
FC20
FC10
0000
FDE8
ECA0
E308
0100
EC10
0000
FDE8
ECA0
E308
0000
FCA0
FC50
E7C8
0000
FCA8
FC10
ECA0
F008
0000
FCA8
FC10
0001
FDE0
EDE0
EDE0
E308
4B0A
EA87
0001
FC20
FC10
0000
FDE8
ECA0
E308
0014
FC10
0000
FDE8
ECA0
E308
0000
FCA8
FC10
ECA0
F088
0000
FCA8
FC10
0004
E308
0004
FC20
FC10
0000
FDE8
ECA0
E308
00FF
EC10
0000
FDE8
ECA0
E308
0000
FCA8
FC10
ECA0
F008
0000
FCA8
FC10
0001
FDE0
EDE0
EDE0
E308
0001
FC20
FC10
0000
FDE8
ECA0
E308
0014
FC10
0000
FDE8
ECA0
E308
0000
FCA8
FC10
ECA0
F088
0001
FDE0
FC10
0000
FDE8
ECA0
E308
0001
FDE0
EDE0
FC10
0000
FDE8
ECA0
E308
0000
FCA8
FC10
ECA0
F088
0000
FCA8
FC10
0004
E308
0004
FC20
FC10
0000
FDE8
ECA0
E308
0001
FC10
0003
E0A0
FC10
0000
FDE8
ECA0
E308
0000
FCA8
FC10
ECA0
F548
0000
FCA8
FC10
0005
E308
0000
FCA8
FC10
0004
E308
0005
FC10
0000
FDE8
ECA0
E308
0000
FCA8
FC10
0004
FC20
E308
0001
FC20
FC10
0000
FDE8
ECA0
E308
0020
EC10
0000
FDE8
ECA0
E308
0000
FCA8
FC10
ECA0
F088
0000
FCA8
FC10
0001
FC20
E308
0001
FDE0
FC10
0000
FDE8
ECA0
E308
0000
FDC8
FCA0
EFC8
0000
FCA8
FC10
ECA0
F088
0000
FCA8
FC10
0001
FDE0
E308
4A7C
EA87
0000
FDC8
FCA0
EA88
0036
EA87
0002
FC20
FC10
0000
FDE8
ECA0
E308
0000
FDC8
FCA0
EA88
4BA5
EC10
0026
EA87
0002
FC20
FC10
0000
FDE8
ECA0
E308
0016
EC10
0000
FDE8
ECA0
E308
4BB6
EC10
0016
EA87
0000
FCA8
FC10
ECA0
F548
0002
FDE0
FC10
0000
FDE8
ECA0
E308
0000
FDC8
FCA0
EA88
4BCA
EC10
0026
EA87
0000
FCA8
FC10
ECA0
F548
0002
FDE0
FC10
0000
FDE8
ECA0
E308
003F
EC10
0000
FDE8
ECA0
E308
4BE0
EC10
0016
EA87
0000
FCA8
FC10
ECA0
F548
0000
FCA8
FC10
4BEC
E305
4C03
EA87
0014
EC10
0000
FDE8
ECA0
E308
0001
EC10
000D
E308
6AD9
EC10
000E
E308
4BFE
EC10
005F
EA87
0000
FCA8
FC10
0005
E308
0002
FDE0
FC10
0000
FDE8
ECA0
E308
0002
EC10
0000
FDE8
ECA0
E308
0002
EC10
000D
E308
1C77
EC10
000E
E308
4C1C
EC10
005F
EA87
0000
FCA8
FC10
0017
E308
0020
EC10
0000
FDE8
ECA0
E308
0002
FC20
FC10
0000
FDE8
ECA0
E308
0160
EC10
0000
FDE8
ECA0
E308
0002
EC10
000D
E308
1AA6
EC10
000E
E308
4C40
EC10
005F
EA87
0000
FCA8
FC10
ECA0
F088
0017
FC10
0000
FDE8
ECA0
E308
0000
FCA8
FC10
ECA0
F088
0000
FCA8
FC10
0016
E308
0002
FDE0
FC10
0000
FDE8
ECA0
E308
0017
FC10
0000
FDE8
ECA0
E308
0002
EC10
0000
FDE8
ECA0
E308
0002
EC10
000D
E308
1AA6
EC10
000E
E308
4C74
EC10
005F
EA87
4C78
EC10
0006
EA87
0000
FCA8
FC10
0015
E308
0020
EC10
0000
FDE8
ECA0
E308
0001
EC10
000D
E308
4A4D
EC10
000E
E308
4C8F
EC10
005F
EA87
0000
FCA8
FC10
0005
E308
0000
FDC8
FCA0
EA88
0036
EA87
0002
FC20
FC10
0000
FDE8
ECA0
E308
0000
EC10
000D
E308
699A
EC10
000E
E308
4CAD
EC10
005F
EA87
4CB1
EC10
0006
EA87
0000
FCA8
FC10
4CB8
E305
4CCB
EA87
0000
EC10
000D
E308
4E48
EC10
000E
E308
4CC4
EC10
005F
EA87
0000
FCA8
FC10
0005
E308
4D84
EA87
0002
FC20
FC10
0000
FDE8
ECA0
E308
0000
EC10
000D
E308
69A2
EC10
000E
E308
4CDE
EC10
005F
EA87
4CE2
EC10
0006
EA87
0000
FCA8
FC10
4CE9
E305
4CFC
EA87
0000
EC10
000D
E308
4EA6
EC10
000E
E308
4CF5
EC10
005F
EA87
0000
FCA8
FC10
0005
E308
4D84
EA87
0002
FC20
FC10
0000
FDE8
ECA0
E308
0001
EC10
000D
E308
4A4D
EC10
000E
E308
4D0F
EC10
005F
EA87
0000
FCA8
FC10
0005
E308
0015
FC10
0000
FDE8
ECA0
E308
0000
FCA0
FC48
0000
FCA8
FC10
4D24
E305
4D4C
EA87
0017
FC10
0000
FDE8
ECA0
E308
0000
FDC8
FCA0
EFC8
0000
FCA8
FC10
ECA0
F088
0000
FCA8
FC10
0017
E308
0016
FC10
0000
FDE8
ECA0
E308
0000
FDC8
FCA0
EFC8
0000
FCA8
FC10
ECA0
F088
0000
FCA8
FC10
0016
E308
0017
FC10
0000
FDE8
ECA0
E308
0020
EC10
0000
FDE8
ECA0
E308
4D5C
EC10
0006
EA87
0000
FCA8
FC10
4D63
E305
4D76
EA87
0000
EC10
000D
E308
4E48
EC10
000E
E308
4D6F
EC10
005F
EA87
0000
FCA8
FC10
0005
E308
4D84
EA87
0015
FC10
0000
FDE8
ECA0
E308
0000
FCA0
FC48
0000
FCA8
FC10
0015
E308
0000
FDC8
FCA0
EA88
0036
EA87
0000
FC20
EA88
EDF0
EA88
0000
E7C8
0002
FC20
FC10
0000
FDE8
ECA0
E308
0001
EC10
000D
E308
62FB
EC10
000E
E308
4DA4
EC10
005F
EA87
0000
FCA8
FC10
0001
FDE0
E308
0001
FC20
FC10
0000
FDE8
ECA0
E308
0001
FDE0
FC10
0000
FDE8
ECA0
E308
4DBC
EC10
0026
EA87
0000
FCA0
FC48
0000
FCA8
FC10
4E07
E305
0002
FC20
FC10
0000
FDE8
ECA0
E308
0001
FC20
FC10
0000
FDE8
ECA0
E308
0002
EC10
000D
E308
6311
EC10
000E
E308
4DDE
EC10
005F
EA87
0001
EC10
000D
E308
4C9A
EC10
000E
E308
4DEA
EC10
005F
EA87
0000
FCA8
FC10
0005
E308
0001
FC20
FC10
0000
FDE8
ECA0
E308
0000
FDC8
FCA0
EFC8
0000
FCA8
FC10
ECA0
F088
0000
FCA8
FC10
0001
FC20
E308
4DAA
EA87
0000
FDC8
FCA0
EA88
0036
EA87
0018
FC10
0000
FDE8
ECA0
E308
0002
FC20
FC10
0000
FDE8
ECA0
E308
0002
EC10
000D
E308
66B3
EC10
000E
E308
4E26
EC10
005F
EA87
0000
FCA8
FC10
0005
E308
0018
FC10
0000
FDE8
ECA0
E308
0001
EC10
000D
E308
4D8A
EC10
000E
E308
4E3D
EC10
005F
EA87
0000
FCA8
FC10
0005
E308
0000
FDC8
FCA0
EA88
0036
EA87
0016
FC10
0000
FDE8
ECA0
E308
0160
EC10
0000
FDE8
ECA0
E308
0000
FCA8
FC10
ECA0
F088
0017
FC10
0000
FDE8
ECA0
E308
0000
FCA8
FC10
ECA0
F1C8
0000
FCA8
FC10
0016
E308
0000
FDC8
FCA0
EA88
0000
FCA8
FC10
0017
E308
0000
FDC8
FCA0
EA88
0000
FCA0
FC48
0000
FCA8
FC10
0015
E308
0016
FC10
0000
FDE8
ECA0
E308
1FC0
EC10
0000
FDE8
ECA0
E308
4E8E
EC10
0006
EA87
0000
FCA8
FC10
4E95
E305
4EA0
EA87
0020
EC10
0000
FDE8
ECA0
E308
0000
FCA8
FC10
0016
E308
0000
FDC8
FCA0
EA88
0036
EA87
0015
FC10
0000
FDE8
ECA0
E308
0000
FCA8
FC10
4EB3
E305
4F40
EA87
0017
FC10
0000
FDE8
ECA0
E308
0000
FDC8
FCA0
EA88
4EC1
EC10
0016
EA87
0000
FCA8
FC10
4EC8
E305
4EF2
EA87
0017
FC10
0000
FDE8
ECA0
E308
0000
FDC8
FCA0
EFC8
0000
FCA8
FC10
ECA0
F1C8
0000
FCA8
FC10
0017
E308
0016
FC10
0000
FDE8
ECA0
E308
0000
FDC8
FCA0
EFC8
0000
FCA8
FC10
ECA0
F1C8
0000
FCA8
FC10
0016
E308
4F35
EA87
001F
EC10
0000
FDE8
ECA0
E308
0000
FCA8
FC10
0017
E308
0016
FC10
0000
FDE8
ECA0
E308
0020
EC10
0000
FDE8
ECA0
E308
4F0D
EC10
0006
EA87
0000
FCA8
FC10
4F14
E305
4F1F
EA87
1FC0
EC10
0000
FDE8
ECA0
E308
0000
FCA8
FC10
0016
E308
0016
FC10
0000
FDE8
ECA0
E308
0141
EC10
0000
FDE8
ECA0
E308
0000
FCA8
FC10
ECA0
F1C8
0000
FCA8
FC10
0016
E308
0000
FDC8
FCA0
EA88
0000
FCA8
FC10
0015
E308
4F4C
EA87
0000
FDC8
FCA0
EA88
0000
FCA0
FC48
0000
FCA8
FC10
0015
E308
0020
EC10
0000
FDE8
ECA0
E308
0001
EC10
000D
E308
4A4D
EC10
000E
E308
4F5E
EC10
005F
EA87
0000
FCA8
FC10
0005
E308
0000
FDC8
FCA0
EA88
0036
EA87
0000
FDE8
ECA0
EA88
4000
EC10
0000
FDE8
ECA0
E308
0000
FCA8
FC10
001B
E308
0000
FDC8
FCA0
EA88
0000
FCA0
FC48
0000
FCA8
FC10
001C
E308
0011
EC10
0000
FDE8
ECA0
E308
0001
EC10
000D
E308
16B0
EC10
000E
E308
4F96
EC10
005F
EA87
0000
FCA8
FC10
001D
E308
0000
FDC8
FCA0
EA88
001D
FC10
0000
FDE8
ECA0
E308
0000
FCA8
FC10
ECA0
F088
0000
FDC8
FCA0
EFC8
0000
FCA8
FC10
0005
E308
0000
FCA8
FC10
0004
E308
0005
FC10
0000
FDE8
ECA0
E308
0000
FCA8
FC10
0004
FC20
E308
0001
FC20
FC10
0000
FDE8
ECA0
E308
0010
EC10
0000
FDE8
ECA0
E308
4FD5
EC10
0026
EA87
0000
FCA0
FC48
0000
FCA8
FC10
5070
E305
0001
FC20
FC10
0000
FDE8
ECA0
E308
0000
FDC8
FCA0
EFC8
0000
FCA8
FC10
ECA0
F088
0000
FCA8
FC10
0001
FC20
E308
0001
FC20
FC10
0000
FDE8
ECA0
E308
001D
FC10
0000
FDE8
ECA0
E308
0000
FCA8
FC10
ECA0
F088
0001
FC20
FC10
0000
FDE8
ECA0
E308
0000
FDC8
FCA0
EFC8
0000
FCA8
FC10
ECA0
F1C8
001D
FC10
0000
FDE8
ECA0
E308
0000
FCA8
FC10
ECA0
F088
0000
FCA8
FC10
0004
E308
0004
FC20
FC10
0000
FDE8
ECA0
E308
0001
FC20
FC10
0000
FDE8
ECA0
E308
0000
FDC8
FCA0
EFC8
0000
FCA8
FC10
ECA0
F1C8
001D
FC10
0000
FDE8
ECA0
E308
0000
FCA8
FC10
ECA0
F088
0000
FCA8
FC10
0004
E308
0004
FC20
FC10
0000
FDE8
ECA0
E308
0000
FCA8
FC10
ECA0
F088
0000
FCA8
FC10
0005
E308
0000
FCA8
FC10
0004
E308
0005
FC10
0000
FDE8
ECA0
E308
0000
FCA8
FC10
0004
FC20
E308
4FC4
EA87
0000
FDC8
FCA0
EA88
0036
EA87
0000
FDE8
ECA0
EA88
0001
FC20
FC10
0000
FDE8
ECA0
E308
2000
EC10
0000
FDE8
ECA0
E308
508B
EC10
0026
EA87
0000
FCA0
FC48
0000
FCA8
FC10
50D7
E305
0001
FC20
FC10
0000
FDE8
ECA0
E308
001B
FC10
0000
FDE8
ECA0
E308
0000
FCA8
FC10
ECA0
F088
0000
FDC8
FCA0
EA88
0000
FCA8
FC10
0005
E308
0000
FCA8
FC10
0004
E308
0005
FC10
0000
FDE8
ECA0
E308
0000
FCA8
FC10
0004
FC20
E308
0001
FC20
FC10
0000
FDE8
ECA0
E308
0000
FDC8
FCA0
EFC8
0000
FCA8
FC10
ECA0
F088
0000
FCA8
FC10
0001
FC20
E308
507A
EA87
0000
FDC8
FCA0
EA88
0036
EA87
001C
FC10
0000
FDE8
ECA0
E308
0000
FCA8
FC10
50EA
E305
513E
EA87
0002
FC20
FC10
0000
FDE8
ECA0
E308
001B
FC10
0000
FDE8
ECA0
E308
0000
FCA8
FC10
ECA0
F088
0002
FC20
FC10
0000
FDE8
ECA0
E308
001B
FC10
0000
FDE8
ECA0
E308
0000
FCA8
FC10
ECA0
F088
0000
FCA8
FC10
0004
E308
0004
FC20
FC10
0000
FDE8
ECA0
E308
0002
FDE0
FC10
0000
FDE8
ECA0
E308
0000
FCA8
FC10
ECA0
F548
0000
FCA8
FC10
0005
E308
0000
FCA8
FC10
0004
E308
0005
FC10
0000
FDE8
ECA0
E308
0000
FCA8
FC10
0004
FC20
E308
5193
EA87
0002
FC20
FC10
0000
FDE8
ECA0
E308
001B
FC10
0000
FDE8
ECA0
E308
0000
FCA8
FC10
ECA0
F088
0002
FC20
FC10
0000
FDE8
ECA0
E308
001B
FC10
0000
FDE8
ECA0
E308
0000
FCA8
FC10
ECA0
F088
0000
FCA8
FC10
0004
E308
0004
FC20
FC10
0000
FDE8
ECA0
E308
0002
FDE0
FC10
0000
FDE8
ECA0
E308
0000
FCA0
FC48
0000
FCA8
FC10
ECA0
F008
0000
FCA8
FC10
0005
E308
0000
FCA8
FC10
0004
E308
0005
FC10
0000
FDE8
ECA0
E308
0000
FCA8
FC10
0004
FC20
E308
0000
FDC8
FCA0
EA88
0036
EA87
0002
FC20
FC10
0000
FDE8
ECA0
E308
0000
FCA8
FC10
001C
E308
0000
FDC8
FCA0
EA88
0036
EA87
0003
EC10
E390
0000
FDE8
ECA0
EA88
51AD
E301
0002
FC20
FC10
0000
FDE8
ECA0
E308
0000
FDC8
FCA0
EA88
51C3
EC10
0026
EA87
0002
FC20
FC10
0000
FDE8
ECA0
E308
01FF
EC10
0000
FDE8
ECA0
E308
51D4
EC10
0016
EA87
0000
FCA8
FC10
ECA0
F548
0002
FDE0
FC10
0000
FDE8
ECA0
E308
0000
FDC8
FCA0
EA88
51E8
EC10
0026
EA87
0000
FCA8
FC10
ECA0
F548
0002
FDE0
FC10
0000
FDE8
ECA0
E308
00FF
EC10
0000
FDE8
ECA0
E308
51FE
EC10
0016
EA87
0000
FCA8
FC10
ECA0
F548
0000
FCA8
FC10
520A
E305
5221
EA87
0007
EC10
0000
FDE8
ECA0
E308
0001
EC10
000D
E308
6AD9
EC10
000E
E308
521C
EC10
005F
EA87
0000
FCA8
FC10
0005
E308
0002
FC20
FC10
0000
FDE8
ECA0
E308
0010
EC10
0000
FDE8
ECA0
E308
0002
EC10
000D
E308
1C77
EC10
000E
E308
523A
EC10
005F
EA87
0000
FCA8
FC10
0001
FC20
E308
0002
FC20
FC10
0000
FDE8
ECA0
E308
0001
FC20
FC10
0000
FDE8
ECA0
E308
0010
EC10
0000
FDE8
ECA0
E308
0002
EC10
000D
E308
1AA6
EC10
000E
E308
5260
EC10
005F
EA87
0000
FCA8
FC10
ECA0
F1C8
0000
FCA8
FC10
0001
FDE0
E308
0002
FDE0
FC10
0000
FDE8
ECA0
E308
0020
EC10
0000
FDE8
ECA0
E308
0002
EC10
000D
E308
1AA6
EC10
000E
E308
5284
EC10
005F
EA87
0001
FC20
FC10
0000
FDE8
ECA0
E308
0000
FCA8
FC10
ECA0
F088
0000
FCA8
FC10
0001
FDE0
EDE0
E308
0001
FDE0
EDE0
FC10
0000
FDE8
ECA0
E308
0001
FDE0
FC10
0000
FDE8
ECA0
E308
001D
FC10
0000
FDE8
ECA0
E308
0000
FCA8
FC10
ECA0
F088
0000
FCA8
FC10
0004
E308
0004
FC20
FC10
0000
FDE8
ECA0
E308
0002
EC10
000D
E308
50DD
EC10
000E
E308
52C9
EC10
005F
EA87
0000
FCA8
FC10
0005
E308
0000
FDC8
FCA0
EA88
0036
EA87
0002
FDE0
EDE0
FC10
0000
FDE8
ECA0
E308
0000
FCA8
FC10
52E3
E305
5304
EA87
0002
FDE0
FC10
0000
FDE8
ECA0
E308
0002
FC20
FC10
0000
FDE8
ECA0
E308
0002
EC10
000D
E308
51AB
EC10
000E
E308
52FD
EC10
005F
EA87
0000
FCA8
FC10
0005
E308
5323
EA87
0002
FC20
FC10
0000
FDE8
ECA0
E308
0002
FDE0
FC10
0000
FDE8
ECA0
E308
0002
EC10
000D
E308
51AB
EC10
000E
E308
531E
EC10
005F
EA87
0000
FCA8
FC10
0005
E308
0000
FDC8
FCA0
EA88
0036
EA87
000B
EC10
E390
0000
FDE8
ECA0
EA88
532B
E301
0002
FC20
FC10
0000
FDE8
ECA0
E308
0000
FDC8
FCA0
EA88
5341
EC10
0026
EA87
0002
FDE0
EDE0
FC10
0000
FDE8
ECA0
E308
01FF
EC10
0000
FDE8
ECA0
E308
5353
EC10
0016
EA87
0000
FCA8
FC10
ECA0
F548
0002
FDE0
FC10
0000
FDE8
ECA0
E308
0000
FDC8
FCA0
EA88
5367
EC10
0026
EA87
0000
FCA8
FC10
ECA0
F548
0002
FC10
0003
E0A0
FC10
0000
FDE8
ECA0
E308
00FF
EC10
0000
FDE8
ECA0
E308
537F
EC10
0016
EA87
0000
FCA8
FC10
ECA0
F548
0000
FCA8
FC10
538B
E305
53A2
EA87
0008
EC10
0000
FDE8
ECA0
E308
0001
EC10
000D
E308
6AD9
EC10
000E
E308
539D
EC10
005F
EA87
0000
FCA8
FC10
0005
E308
0002
FDE0
EDE0
FC10
0000
FDE8
ECA0
E308
0002
FC20
FC10
0000
FDE8
ECA0
E308
0000
FCA8
FC10
ECA0
F1C8
0001
EC10
000D
E308
1A76
EC10
000E
E308
53C2
EC10
005F
EA87
0000
FCA8
FC10
0001
FDE0
EDE0
EDE0
E308
0002
FC10
0003
E0A0
FC10
0000
FDE8
ECA0
E308
0002
FDE0
FC10
0000
FDE8
ECA0
E308
0000
FCA8
FC10
ECA0
F1C8
0001
EC10
000D
E308
1A76
EC10
000E
E308
53EB
EC10
005F
EA87
0000
FCA8
FC10
0001
FDE0
EDE0
E308
0001
FC10
0003
E0A0
FC10
0000
FDE8
ECA0
E308
0001
FDE0
EDE0
FC10
0000
FDE8
ECA0
E308
5407
EC10
0026
EA87
0000
FCA8
FC10
0001
FDE0
EDE0
EDE0
EDE0
EDE0
EDE0
E308
0001
FC10
0006
E0A0
FC10
0000
FDE8
ECA0
E308
0002
FC10
0003
E0A0
FC10
0000
FDE8
ECA0
E308
0002
FDE0
FC10
0000
FDE8
ECA0
E308
542F
EC10
0026
EA87
0000
FCA8
FC10
ECA0
F008
0001
FC10
0006
E0A0
FC10
0000
FDE8
ECA0
E308
0000
FCA0
FC48
0002
FDE0
EDE0
FC10
0000
FDE8
ECA0
E308
0002
FC20
FC10
0000
FDE8
ECA0
E308
5453
EC10
0026
EA87
0000
FCA8
FC10
ECA0
F008
0000
FCA8
FC10
ECA0
F548
0000
FCA8
FC10
5464
E305
54C2
EA87
0002
FC20
FC10
0000
FDE8
ECA0
E308
0000
FCA8
FC10
0001
FDE0
EDE0
EDE0
EDE0
E308
0002
FDE0
EDE0
FC10
0000
FDE8
ECA0
E308
0000
FCA8
FC10
0002
FC20
E308
0001
FC10
0004
E0A0
FC10
0000
FDE8
ECA0
E308
0000
FCA8
FC10
0002
FDE0
EDE0
E308
0002
FDE0
FC10
0000
FDE8
ECA0
E308
0000
FCA8
FC10
0001
FDE0
EDE0
EDE0
EDE0
E308
0002
FC10
0003
E0A0
FC10
0000
FDE8
ECA0
E308
0000
FCA8
FC10
0002
FDE0
E308
0001
FC10
0004
E0A0
FC10
0000
FDE8
ECA0
E308
0000
FCA8
FC10
0002
FDE0
EDE0
EDE0
E308
0001
FC10
0006
E0A0
FC10
0000
FDE8
ECA0
E308
0000
FCA8
FC10
54D2
E305
5554
EA87
0001
FC10
0003
E0A0
FC10
0000
FDE8
ECA0
E308
0000
FCA8
FC10
0001
FDE0
EDE0
EDE0
EDE0
E308
0001
FDE0
EDE0
FC10
0000
FDE8
ECA0
E308
0000
FCA8
FC10
0001
FDE0
EDE0
EDE0
E308
0001
FC10
0004
E0A0
FC10
0000
FDE8
ECA0
E308
0000
FCA8
FC10
0001
FDE0
EDE0
E308
0002
FDE0
FC10
0000
FDE8
ECA0
E308
0000
FCA8
FC10
0001
FDE0
E308
0002
FC20
FC10
0000
FDE8
ECA0
E308
0000
FCA8
FC10
0001
FC20
E308
0002
FC10
0003
E0A0
FC10
0000
FDE8
ECA0
E308
0001
FC10
0008
E090
000D
E308
0000
FCA8
FC10
000D
FC20
E308
0002
FC20
FC10
0000
FDE8
ECA0
E308
0002
FDE0
EDE0
FC10
0000
FDE8
ECA0
E308
5546
EC10
0016
EA87
0001
FC10
0007
E090
000D
E308
0000
FCA8
FC10
000D
FC20
E308
55A2
EA87
0002
FC20
FC10
0000
FDE8
ECA0
E308
0000
FCA8
FC10
0001
FDE0
E308
0002
FDE0
FC10
0000
FDE8
ECA0
E308
0000
FCA8
FC10
0001
FC20
E308
0002
FDE0
EDE0
FC10
0000
FDE8
ECA0
E308
0001
FC10
0008
E090
000D
E308
0000
FCA8
FC10
000D
FC20
E308
0002
FDE0
FC10
0000
FDE8
ECA0
E308
0002
FC10
0003
E0A0
FC10
0000
FDE8
ECA0
E308
5596
EC10
0016
EA87
0001
FC10
0007
E090
000D
E308
0000
FCA8
FC10
000D
FC20
E308
0002
EC10
0000
FDE8
ECA0
E308
0001
FDE0
EDE0
FC10
0000
FDE8
ECA0
E308
0002
EC10
000D
E308
1AA6
EC10
000E
E308
55BC
EC10
005F
EA87
0001
FC10
0003
E0A0
FC10
0000
FDE8
ECA0
E308
0000
FCA8
FC10
ECA0
F1C8
0000
FCA8
FC10
0001
FDE0
EDE0
EDE0
EDE0
EDE0
E308
0002
EC10
0000
FDE8
ECA0
E308
0001
FDE0
EDE0
FC10
0000
FDE8
ECA0
E308
0002
EC10
000D
E308
1AA6
EC10
000E
E308
55EE
EC10
005F
EA87
0001
FC10
0009
E090
000D
E308
0000
FCA8
FC10
000D
FC20
E308
0002
EC10
0000
FDE8
ECA0
E308
0001
FDE0
EDE0
FC10
0000
FDE8
ECA0
E308
0001
FC10
0003
E0A0
FC10
0000
FDE8
ECA0
E308
0000
FCA8
FC10
ECA0
F1C8
0002
EC10
000D
E308
1AA6
EC10
000E
E308
5622
EC10
005F
EA87
0001
FC10
000A
E090
000D
E308
0000
FCA8
FC10
000D
FC20
E308
0001
FDE0
FC10
0000
FDE8
ECA0
E308
0001
FC20
FC10
0000
FDE8
ECA0
E308
0001
FC10
0006
E0A0
FC10
0000
FDE8
ECA0
E308
0003
EC10
000D
E308
52D4
EC10
000E
E308
5651
EC10
005F
EA87
0000
FCA8
FC10
0005
E308
0001
FDE0
FC10
0000
FDE8
ECA0
E308
0001
FC10
0008
E0A0
FC10
0000
FDE8
ECA0
E308
566A
EC10
0026
EA87
0000
FCA0
FC48
0000
FCA8
FC10
574C
E305
0001
FC10
0005
E0A0
FC10
0000
FDE8
ECA0
E308
0000
FDC8
FCA0
EA88
5683
EC10
0026
EA87
0000
FCA8
FC10
568A
E305
56AD
EA87
0001
FC10
0005
E0A0
FC10
0000
FDE8
ECA0
E308
0001
FC10
0009
E0A0
FC10
0000
FDE8
ECA0
E308
0000
FCA8
FC10
ECA0
F088
0000
FCA8
FC10
0001
FDE0
EDE0
EDE0
EDE0
EDE0
E308
570C
EA87
0001
FC10
0005
E0A0
FC10
0000
FDE8
ECA0
E308
0001
FC10
000A
E0A0
FC10
0000
FDE8
ECA0
E308
0000
FCA8
FC10
ECA0
F088
0000
FCA8
FC10
0001
FDE0
EDE0
EDE0
EDE0
EDE0
E308
0001
FC10
0007
E0A0
FC10
0000
FDE8
ECA0
E308
0000
FCA8
FC10
56DE
E305
56F6
EA87
0001
FC20
FC10
0000
FDE8
ECA0
E308
0000
FDC8
FCA0
EFC8
0000
FCA8
FC10
ECA0
F1C8
0000
FCA8
FC10
0001
FC20
E308
570C
EA87
0001
FC20
FC10
0000
FDE8
ECA0
E308
0000
FDC8
FCA0
EFC8
0000
FCA8
FC10
ECA0
F088
0000
FCA8
FC10
0001
FC20
E308
0001
FDE0
FC10
0000
FDE8
ECA0
E308
0000
FDC8
FCA0
EFC8
0000
FCA8
FC10
ECA0
F088
0000
FCA8
FC10
0001
FDE0
E308
0001
FDE0
FC10
0000
FDE8
ECA0
E308
0001
FC20
FC10
0000
FDE8
ECA0
E308
0001
FC10
0006
E0A0
FC10
0000
FDE8
ECA0
E308
0003
EC10
000D
E308
52D4
EC10
000E
E308
5745
EC10
005F
EA87
0000
FCA8
FC10
0005
E308
5656
EA87
0000
FDC8
FCA0
EA88
0036
EA87
0009
EC10
E390
0000
FDE8
ECA0
EA88
5754
E301
0002
FC20
FC10
0000
FDE8
ECA0
E308
0002
FDE0
EDE0
FC10
0000
FDE8
ECA0
E308
576E
EC10
0016
EA87
0002
FDE0
FC10
0000
FDE8
ECA0
E308
0002
FC10
0003
E0A0
FC10
0000
FDE8
ECA0
E308
5782
EC10
0016
EA87
0000
FCA8
FC10
ECA0
F548
0002
FC20
FC10
0000
FDE8
ECA0
E308
0000
FDC8
FCA0
EA88
5796
EC10
0026
EA87
0000
FCA8
FC10
ECA0
F548
0002
FDE0
EDE0
FC10
0000
FDE8
ECA0
E308
01FF
EC10
0000
FDE8
ECA0
E308
57AD
EC10
0016
EA87
0000
FCA8
FC10
ECA0
F548
0002
FDE0
FC10
0000
FDE8
ECA0
E308
0000
FDC8
FCA0
EA88
57C1
EC10
0026
EA87
0000
FCA8
FC10
ECA0
F548
0002
FC10
0003
E0A0
FC10
0000
FDE8
ECA0
E308
00FF
EC10
0000
FDE8
ECA0
E308
57D9
EC10
0016
EA87
0000
FCA8
FC10
ECA0
F548
0000
FCA8
FC10
57E5
E305
57FC
EA87
0009
EC10
0000
FDE8
ECA0
E308
0001
EC10
000D
E308
6AD9
EC10
000E
E308
57F7
EC10
005F
EA87
0000
FCA8
FC10
0005
E308
0002
FC20
FC10
0000
FDE8
ECA0
E308
0010
EC10
0000
FDE8
ECA0
E308
0002
EC10
000D
E308
1C77
EC10
000E
E308
5815
EC10
005F
EA87
0000
FCA8
FC10
0001
FDE0
EDE0
EDE0
E308
0002
FC20
FC10
0000
FDE8
ECA0
E308
0001
FC10
0003
E0A0
FC10
0000
FDE8
ECA0
E308
0010
EC10
0000
FDE8
ECA0
E308
0002
EC10
000D
E308
1AA6
EC10
000E
E308
583F
EC10
005F
EA87
0000
FCA8
FC10
ECA0
F1C8
0001
FC10
0007
E090
000D
E308
0000
FCA8
FC10
000D
FC20
E308
0002
FDE0
EDE0
FC10
0000
FDE8
ECA0
E308
0010
EC10
0000
FDE8
ECA0
E308
0002
EC10
000D
E308
1C77
EC10
000E
E308
586A
EC10
005F
EA87
0000
FCA8
FC10
0001
FDE0
EDE0
EDE0
EDE0
E308
0002
FDE0
EDE0
FC10
0000
FDE8
ECA0
E308
0001
FC10
0004
E0A0
FC10
0000
FDE8
ECA0
E308
0010
EC10
0000
FDE8
ECA0
E308
0002
EC10
000D
E308
1AA6
EC10
000E
E308
5896
EC10
005F
EA87
0000
FCA8
FC10
ECA0
F1C8
0001
FC10
0008
E090
000D
E308
0000
FCA8
FC10
000D
FC20
E308
0001
FC10
0007
E0A0
FC10
0000
FDE8
ECA0
E308
001D
FC10
0000
FDE8
ECA0
E308
0000
FCA8
FC10
ECA0
F088
0000
FCA8
FC10
0004
E308
0004
FC20
FC10
0000
FDE8
ECA0
E308
0000
FDC8
FCA0
EFC8
0000
FCA8
FC10
ECA0
F1C8
0000
FCA0
FC48
0000
FCA8
FC10
0001
FDE0
EDE0
EDE0
EDE0
EDE0
EDE0
E308
0001
FC10
0008
E0A0
FC10
0000
FDE8
ECA0
E308
0000
FDC8
FCA0
EFC8
0000
FCA8
FC10
ECA0
F088
001D
FC10
0000
FDE8
ECA0
E308
0000
FCA8
FC10
ECA0
F088
0000
FCA8
FC10
0004
E308
0004
FC20
FC10
0000
FDE8
ECA0
E308
0000
FDC8
FCA0
EFC8
0000
FCA8
FC10
ECA0
F1C8
0000
FCA8
FC10
0001
FDE0
EDE0
EDE0
EDE0
EDE0
E308
0002
FDE0
FC10
0000
FDE8
ECA0
E308
0020
EC10
0000
FDE8
ECA0
E308
0002
EC10
000D
E308
1AA6
EC10
000E
E308
5933
EC10
005F
EA87
0001
FC10
0003
E0A0
FC10
0000
FDE8
ECA0
E308
0000
FCA8
FC10
ECA0
F088
0000
FCA8
FC10
0001
FC20
E308
0001
FC10
0004
E0A0
FC10
0000
FDE8
ECA0
E308
0001
FC10
0003
E0A0
FC10
0000
FDE8
ECA0
E308
0000
FCA8
FC10
ECA0
F1C8
0000
FCA8
FC10
0001
FDE0
EDE0
E308
0002
FDE0
FC10
0000
FDE8
ECA0
E308
0002
FC10
0003
E0A0
FC10
0000
FDE8
ECA0
E308
5979
EC10
0016
EA87
0000
FCA0
FC48
0000
FCA0
FC48
0000
FCA8
FC10
5ACD
E305
0001
FC20
FC10
0000
FDE8
ECA0
E308
0001
FDE0
EDE0
FC10
0000
FDE8
ECA0
E308
0000
FCA8
FC10
ECA0
F088
0000
FCA8
FC10
0001
FDE0
E308
0001
FDE0
EDE0
FC10
0000
FDE8
ECA0
E308
0000
FDC8
FCA0
EA88
59AE
EC10
0006
EA87
0000
FCA8
FC10
59B5
E305
59E6
EA87
0001
FC20
FC10
0000
FDE8
ECA0
E308
0001
FC10
0005
E0A0
FC10
0000
FDE8
ECA0
E308
0001
FC10
0006
E0A0
FC10
0000
FDE8
ECA0
E308
0000
FCA8
FC10
ECA0
F008
0002
EC10
000D
E308
50DD
EC10
000E
E308
59DF
EC10
005F
EA87
0000
FCA8
FC10
0005
E308
5A90
EA87
0001
FC20
FC10
0000
FDE8
ECA0
E308
0001
FC10
0006
E0A0
FC10
0000
FDE8
ECA0
E308
0002
EC10
000D
E308
50DD
EC10
000E
E308
5A02
EC10
005F
EA87
0000
FCA8
FC10
0005
E308
0001
FC20
FC10
0000
FDE8
ECA0
E308
0000
FDC8
FCA0
EFC8
0000
FCA8
FC10
ECA0
F088
0000
FCA8
FC10
0001
FC20
E308
0001
FC20
FC10
0000
FDE8
ECA0
E308
0001
FDE0
FC10
0000
FDE8
ECA0
E308
5A2F
EC10
0026
EA87
0000
FCA0
FC48
0000
FCA8
FC10
5A6F
E305
0001
FC20
FC10
0000
FDE8
ECA0
E308
0000
FDC8
FCA0
EFC8
0000
FCA0
FC50
E7C8
0002
EC10
000D
E308
50DD
EC10
000E
E308
5A52
EC10
005F
EA87
0000
FCA8
FC10
0005
E308
0001
FC20
FC10
0000
FDE8
ECA0
E308
0000
FDC8
FCA0
EFC8
0000
FCA8
FC10
ECA0
F088
0000
FCA8
FC10
0001
FC20
E308
5A1D
EA87
0001
FDE0
FC10
0000
FDE8
ECA0
E308
0001
FC10
0005
E0A0
FC10
0000
FDE8
ECA0
E308
0002
EC10
000D
E308
50DD
EC10
000E
E308
5A8B
EC10
005F
EA87
0000
FCA8
FC10
0005
E308
0002
FDE0
FC10
0000
FDE8
ECA0
E308
0000
FDC8
FCA0
EFC8
0000
FCA8
FC10
ECA0
F088
0000
FCA8
FC10
0002
FDE0
E308
0001
FDE0
FC10
0000
FDE8
ECA0
E308
0020
EC10
0000
FDE8
ECA0
E308
0000
FCA8
FC10
ECA0
F088
0001
FDE0
EDE0
FC10
0000
FDE8
ECA0
E308
0000
FCA8
FC10
ECA0
F1C8
0000
FCA8
FC10
0001
FC20
E308
5965
EA87
0000
FDC8
FCA0
EA88
0036
EA87
000B
EC10
E390
0000
FDE8
ECA0
EA88
5AD5
E301
0002
FDE0
FC10
0000
FDE8
ECA0
E308
0002
FDE0
EDE0
FC10
0000
FDE8
ECA0
E308
0002
EC10
000D
E308
20D6
EC10
000E
E308
5AF7
EC10
005F
EA87
0001
FC10
0007
E090
000D
E308
0000
FCA8
FC10
000D
FC20
E308
0002
FDE0
FC10
0000
FDE8
ECA0
E308
0002
FDE0
EDE0
FC10
0000
FDE8
ECA0
E308
0002
EC10
000D
E308
20A7
EC10
000E
E308
5B1E
EC10
005F
EA87
0001
FC10
0008
E090
000D
E308
0000
FCA8
FC10
000D
FC20
E308
0002
FC20
FC10
0000
FDE8
ECA0
E308
0000
FDC8
FCA0
EFC8
0000
FCA0
FC50
E7C8
5B3D
EC10
0016
EA87
0002
FC20
FC10
0000
FDE8
ECA0
E308
0100
EC10
0000
FDE8
ECA0
E308
5B4E
EC10
0026
EA87
0000
FCA8
FC10
ECA0
F008
0001
FC10
0007
E0A0
FC10
0000
FDE8
ECA0
E308
0200
EC10
0000
FDE8
ECA0
E308
5B66
EC10
0026
EA87
0000
FCA8
FC10
ECA0
F008
0001
FC10
0008
E0A0
FC10
0000
FDE8
ECA0
E308
0000
FDC8
FCA0
EFC8
0000
FCA0
FC50
E7C8
5B80
EC10
0016
EA87
0000
FCA8
FC10
ECA0
F008
0000
FCA8
FC10
5B8C
E305
5E51
EA87
0001
FC10
0007
E0A0
FC10
0000
FDE8
ECA0
E308
0000
FDC8
FCA0
EA88
0002
EC10
000D
E308
20A7
EC10
000E
E308
5BA5
EC10
005F
EA87
0001
FC10
0007
E090
000D
E308
0000
FCA8
FC10
000D
FC20
E308
0001
FC10
0008
E0A0
FC10
0000
FDE8
ECA0
E308
01FF
EC10
0000
FDE8
ECA0
E308
0002
EC10
000D
E308
20D6
EC10
000E
E308
5BCC
EC10
005F
EA87
0001
FC10
0008
E090
000D
E308
0000
FCA8
FC10
000D
FC20
E308
0001
FC10
0007
E0A0
FC10
0000
FDE8
ECA0
E308
0010
EC10
0000
FDE8
ECA0
E308
0002
EC10
000D
E308
1C77
EC10
000E
E308
5BF3
EC10
005F
EA87
0000
FCA8
FC10
0001
FDE0
E308
0001
FC10
0007
E0A0
FC10
0000
FDE8
ECA0
E308
0001
FDE0
FC10
0000
FDE8
ECA0
E308
0010
EC10
0000
FDE8
ECA0
E308
0002
EC10
000D
E308
1AA6
EC10
000E
E308
5C1B
EC10
005F
EA87
0000
FCA8
FC10
ECA0
F1C8
0001
FC10
0009
E090
000D
E308
0000
FCA8
FC10
000D
FC20
E308
0001
FC10
0008
E0A0
FC10
0000
FDE8
ECA0
E308
0010
EC10
0000
FDE8
ECA0
E308
0002
EC10
000D
E308
1C77
EC10
000E
E308
5C47
EC10
005F
EA87
0000
FCA8
FC10
0001
FDE0
EDE0
E308
0001
FC10
0008
E0A0
FC10
0000
FDE8
ECA0
E308
0001
FDE0
EDE0
FC10
0000
FDE8
ECA0
E308
0010
EC10
0000
FDE8
ECA0
E308
0002
EC10
000D
E308
1AA6
EC10
000E
E308
5C71
EC10
005F
EA87
0000
FCA8
FC10
ECA0
F1C8
0001
FC10
000A
E090
000D
E308
0000
FCA8
FC10
000D
FC20
E308
0001
FC10
0009
E0A0
FC10
0000
FDE8
ECA0
E308
001D
FC10
0000
FDE8
ECA0
E308
0000
FCA8
FC10
ECA0
F088
0000
FCA8
FC10
0004
E308
0004
FC20
FC10
0000
FDE8
ECA0
E308
0000
FDC8
FCA0
EFC8
0000
FCA8
FC10
ECA0
F1C8
0000
FCA0
FC48
0000
FCA8
FC10
0001
FDE0
EDE0
EDE0
EDE0
EDE0
E308
0001
FC10
000A
E0A0
FC10
0000
FDE8
ECA0
E308
0000
FDC8
FCA0
EFC8
0000
FCA8
FC10
ECA0
F088
001D
FC10
0000
FDE8
ECA0
E308
0000
FCA8
FC10
ECA0
F088
0000
FCA8
FC10
0004
E308
0004
FC20
FC10
0000
FDE8
ECA0
E308
0000
FDC8
FCA0
EFC8
0000
FCA8
FC10
ECA0
F1C8
0000
FCA8
FC10
0001
FDE0
EDE0
EDE0
EDE0
E308
0002
FC20
FC10
0000
FDE8
ECA0
E308
0020
EC10
0000
FDE8
ECA0
E308
0002
EC10
000D
E308
1AA6
EC10
000E
E308
5D0C
EC10
005F
EA87
0001
FDE0
FC10
0000
FDE8
ECA0
E308
0000
FCA8
FC10
ECA0
F088
0000
FCA8
FC10
0001
FC20
E308
0001
FDE0
EDE0
FC10
0000
FDE8
ECA0
E308
0001
FDE0
FC10
0000
FDE8
ECA0
E308
0000
FCA8
FC10
ECA0
F1C8
0000
FCA8
FC10
0001
FDE0
EDE0
EDE0
EDE0
EDE0
EDE0
E308
0001
FC20
FC10
0000
FDE8
ECA0
E308
0001
FC10
0006
E0A0
FC10
0000
FDE8
ECA0
E308
0000
FCA8
FC10
ECA0
F088
0000
FCA8
FC10
0001
FDE0
EDE0
EDE0
E308
0001
FC10
0006
E0A0
FC10
0000
FDE8
ECA0
E308
0000
FDC8
FCA0
EA88
5D6B
EC10
0006
EA87
0000
FCA8
FC10
5D72
E305
5DA3
EA87
0001
FC20
FC10
0000
FDE8
ECA0
E308
0001
FC10
0004
E0A0
FC10
0000
FDE8
ECA0
E308
0001
FC10
0005
E0A0
FC10
0000
FDE8
ECA0
E308
0000
FCA8
FC10
ECA0
F008
0002
EC10
000D
E308
50DD
EC10
000E
E308
5D9C
EC10
005F
EA87
0000
FCA8
FC10
0005
E308
5E51
EA87
0001
FC20
FC10
0000
FDE8
ECA0
E308
0001
FC10
0005
E0A0
FC10
0000
FDE8
ECA0
E308
0002
EC10
000D
E308
50DD
EC10
000E
E308
5DBF
EC10
005F
EA87
0000
FCA8
FC10
0005
E308
0001
FC20
FC10
0000
FDE8
ECA0
E308
0000
FDC8
FCA0
EFC8
0000
FCA8
FC10
ECA0
F088
0000
FCA8
FC10
0001
FC20
E308
0001
FC20
FC10
0000
FDE8
ECA0
E308
0001
FC10
0003
E0A0
FC10
0000
FDE8
ECA0
E308
5DEE
EC10
0026
EA87
0000
FCA0
FC48
0000
FCA8
FC10
5E2E
E305
0001
FC20
FC10
0000
FDE8
ECA0
E308
0000
FDC8
FCA0
EFC8
0000
FCA0
FC50
E7C8
0002
EC10
000D
E308
50DD
EC10
000E
E308
5E11
EC10
005F
EA87
0000
FCA8
FC10
0005
E308
0001
FC20
FC10
0000
FDE8
ECA0
E308
0000
FDC8
FCA0
EFC8
0000
FCA8
FC10
ECA0
F088
0000
FCA8
FC10
0001
FC20
E308
5DDA
EA87
0001
FC10
0003
E0A0
FC10
0000
FDE8
ECA0
E308
0001
FC10
0004
E0A0
FC10
0000
FDE8
ECA0
E308
0002
EC10
000D
E308
50DD
EC10
000E
E308
5E4C
EC10
005F
EA87
0000
FCA8
FC10
0005
E308
0000
FDC8
FCA0
EA88
0036
EA87
0002
FDE0
FC10
0000
FDE8
ECA0
E308
0002
FC10
0003
E0A0
FC10
0000
FDE8
ECA0
E308
0000
FCA8
FC10
ECA0
F1C8
0002
FC20
FC10
0000
FDE8
ECA0
E308
0002
FDE0
EDE0
FC10
0000
FDE8
ECA0
E308
0000
FCA8
FC10
ECA0
F088
0002
FC20
FC10
0000
FDE8
ECA0
E308
0002
FDE0
EDE0
FC10
0000
FDE8
ECA0
E308
0000
FCA8
FC10
ECA0
F1C8
0003
EC10
000D
E308
5AD3
EC10
000E
E308
5EA0
EC10
005F
EA87
0000
FCA8
FC10
0005
E308
0002
FDE0
FC10
0000
FDE8
ECA0
E308
0002
FC10
0003
E0A0
FC10
0000
FDE8
ECA0
E308
0000
FCA8
FC10
ECA0
F088
0002
FC20
FC10
0000
FDE8
ECA0
E308
0002
FDE0
EDE0
FC10
0000
FDE8
ECA0
E308
0000
FCA8
FC10
ECA0
F088
0002
FC20
FC10
0000
FDE8
ECA0
E308
0002
FDE0
EDE0
FC10
0000
FDE8
ECA0
E308
0000
FCA8
FC10
ECA0
F1C8
0003
EC10
000D
E308
5AD3
EC10
000E
E308
5EEE
EC10
005F
EA87
0000
FCA8
FC10
0005
E308
0002
FDE0
FC10
0000
FDE8
ECA0
E308
0002
FDE0
EDE0
FC10
0000
FDE8
ECA0
E308
0000
FCA8
FC10
ECA0
F1C8
0002
FC20
FC10
0000
FDE8
ECA0
E308
0002
FC10
0003
E0A0
FC10
0000
FDE8
ECA0
E308
0000
FCA8
FC10
ECA0
F1C8
0002
FC20
FC10
0000
FDE8
ECA0
E308
0002
FC10
0003
E0A0
FC10
0000
FDE8
ECA0
E308
0000
FCA8
FC10
ECA0
F088
0003
EC10
000D
E308
5AD3
EC10
000E
E308
5F3D
EC10
005F
EA87
0000
FCA8
FC10
0005
E308
0002
FDE0
FC10
0000
FDE8
ECA0
E308
0002
FDE0
EDE0
FC10
0000
FDE8
ECA0
E308
0000
FCA8
FC10
ECA0
F088
0002
FC20
FC10
0000
FDE8
ECA0
E308
0002
FC10
0003
E0A0
FC10
0000
FDE8
ECA0
E308
0000
FCA8
FC10
ECA0
F1C8
0002
FC20
FC10
0000
FDE8
ECA0
E308
0002
FC10
0003
E0A0
FC10
0000
FDE8
ECA0
E308
0000
FCA8
FC10
ECA0
F088
0003
EC10
000D
E308
5AD3
EC10
000E
E308
5F8C
EC10
005F
EA87
0000
FCA8
FC10
0005
E308
0000
FDC8
FCA0
EA88
0036
EA87
0003
EC10
E390
0000
FDE8
ECA0
EA88
5F99
E301
0002
FC20
FC10
0000
FDE8
ECA0
E308
0000
FDC8
FCA0
EA88
5FAF
EC10
0026
EA87
0002
FC20
FC10
0000
FDE8
ECA0
E308
01FF
EC10
0000
FDE8
ECA0
E308
5FC0
EC10
0016
EA87
0000
FCA8
FC10
ECA0
F548
0002
FDE0
FC10
0000
FDE8
ECA0
E308
0000
FDC8
FCA0
EA88
5FD4
EC10
0026
EA87
0000
FCA8
FC10
ECA0
F548
0002
FDE0
FC10
0000
FDE8
ECA0
E308
00FF
EC10
0000
FDE8
ECA0
E308
5FEA
EC10
0016
EA87
0000
FCA8
FC10
ECA0
F548
0000
FCA8
FC10
5FF6
E305
600D
EA87
000C
EC10
0000
FDE8
ECA0
E308
0001
EC10
000D
E308
6AD9
EC10
000E
E308
6008
EC10
005F
EA87
0000
FCA8
FC10
0005
E308
0002
FC20
FC10
0000
FDE8
ECA0
E308
0002
FDE0
EDE0
FC10
0000
FDE8
ECA0
E308
0000
FCA8
FC10
ECA0
F1C8
0000
FDC8
FCA0
EA88
6029
EC10
0026
EA87
0002
FC20
FC10
0000
FDE8
ECA0
E308
0002
FDE0
EDE0
FC10
0000
FDE8
ECA0
E308
0000
FCA8
FC10
ECA0
F088
01FF
EC10
0000
FDE8
ECA0
E308
6047
EC10
0016
EA87
0000
FCA8
FC10
ECA0
F548
0002
FDE0
FC10
0000
FDE8
ECA0
E308
0002
FDE0
EDE0
FC10
0000
FDE8
ECA0
E308
0000
FCA8
FC10
ECA0
F1C8
0000
FDC8
FCA0
EA88
6068
EC10
0026
EA87
0000
FCA8
FC10
ECA0
F548
0002
FDE0
FC10
0000
FDE8
ECA0
E308
0002
FDE0
EDE0
FC10
0000
FDE8
ECA0
E308
0000
FCA8
FC10
ECA0
F088
00FF
EC10
0000
FDE8
ECA0
E308
608B
EC10
0016
EA87
0000
FCA8
FC10
ECA0
F548
0000
FCA8
FC10
6097
E305
60AE
EA87
000D
EC10
0000
FDE8
ECA0
E308
0001
EC10
000D
E308
6AD9
EC10
000E
E308
60A9
EC10
005F
EA87
0000
FCA8
FC10
0005
E308
0002
FDE0
EDE0
FC10
0000
FDE8
ECA0
E308
0000
FCA8
FC10
0001
FDE0
E308
0000
FDC8
FCA0
EFC8
0002
FDE0
EDE0
FC10
0000
FDE8
ECA0
E308
0000
FCA8
FC10
ECA0
F1C8
0000
FCA8
FC10
0001
FDE0
EDE0
E308
0002
FC20
FC10
0000
FDE8
ECA0
E308
0002
FDE0
FC10
0000
FDE8
ECA0
E308
0001
FC20
FC10
0000
FDE8
ECA0
E308
0001
FDE0
FC10
0000
FDE8
ECA0
E308
0004
EC10
000D
E308
5E57
EC10
000E
E308
60FC
EC10
005F
EA87
0000
FCA8
FC10
0005
E308
0001
FDE0
FC10
0000
FDE8
ECA0
E308
0001
FC20
FC10
0000
FDE8
ECA0
E308
6113
EC10
0016
EA87
0000
FCA0
FC48
0000
FCA8
FC10
620B
E305
0001
FDE0
EDE0
FC10
0000
FDE8
ECA0
E308
0000
FDC8
FCA0
EA88
612B
EC10
0026
EA87
0000
FCA8
FC10
6132
E305
616C
EA87
0001
FDE0
EDE0
FC10
0000
FDE8
ECA0
E308
0002
EC10
0000
FDE8
ECA0
E308
0001
FC20
FC10
0000
FDE8
ECA0
E308
0002
EC10
000D
E308
1AA6
EC10
000E
E308
6153
EC10
005F
EA87
0000
FCA8
FC10
ECA0
F088
0003
EC10
0000
FDE8
ECA0
E308
0000
FCA8
FC10
ECA0
F088
0000
FCA8
FC10
0001
FDE0
EDE0
E308
61C6
EA87
0001
FDE0
EDE0
FC10
0000
FDE8
ECA0
E308
0002
EC10
0000
FDE8
ECA0
E308
0001
FC20
FC10
0000
FDE8
ECA0
E308
0001
FDE0
FC10
0000
FDE8
ECA0
E308
0000
FCA8
FC10
ECA0
F1C8
0002
EC10
000D
E308
1AA6
EC10
000E
E308
6199
EC10
005F
EA87
0000
FCA8
FC10
ECA0
F088
0005
EC10
0000
FDE8
ECA0
E308
0000
FCA8
FC10
ECA0
F088
0000
FCA8
FC10
0001
FDE0
EDE0
E308
0001
FDE0
FC10
0000
FDE8
ECA0
E308
0000
FDC8
FCA0
EFC8
0000
FCA8
FC10
ECA0
F1C8
0000
FCA8
FC10
0001
FDE0
E308
0001
FC20
FC10
0000
FDE8
ECA0
E308
0000
FDC8
FCA0
EFC8
0000
FCA8
FC10
ECA0
F088
0000
FCA8
FC10
0001
FC20
E308
0002
FC20
FC10
0000
FDE8
ECA0
E308
0002
FDE0
FC10
0000
FDE8
ECA0
E308
0001
FC20
FC10
0000
FDE8
ECA0
E308
0001
FDE0
FC10
0000
FDE8
ECA0
E308
0004
EC10
000D
E308
5E57
EC10
000E
E308
6204
EC10
005F
EA87
0000
FCA8
FC10
0005
E308
6101
EA87
0000
FDC8
FCA0
EA88
0036
EA87
0003
EC10
0000
FDE8
ECA0
E308
0001
EC10
000D
E308
21C3
EC10
000E
E308
6223
EC10
005F
EA87
0000
FCA8
FC10
0003
E308
0002
FC20
FC10
0000
FDE8
ECA0
E308
0000
FDC8
FCA0
EA88
6237
EC10
0026
EA87
0000
FCA8
FC10
623E
E305
6255
EA87
000E
EC10
0000
FDE8
ECA0
E308
0001
EC10
000D
E308
6AD9
EC10
000E
E308
6250
EC10
005F
EA87
0000
FCA8
FC10
0005
E308
0002
FC20
FC10
0000
FDE8
ECA0
E308
0000
FDC8
FCA0
EA88
6264
EC10
0016
EA87
0000
FCA8
FC10
626B
E305
6284
EA87
0002
FC20
FC10
0000
FDE8
ECA0
E308
0001
EC10
000D
E308
16B0
EC10
000E
E308
627E
EC10
005F
EA87
0000
FCA8
FC10
0003
FDE0
E308
0002
FC20
FC10
0000
FDE8
ECA0
E308
0000
FCA8
FC10
0003
FC20
E308
0000
FDC8
FCA0
EA88
0000
FCA8
FC10
0003
FDE0
EDE0
E308
0003
FC10
0000
FDE8
ECA0
E308
0036
EA87
0002
FC20
FC10
0000
FDE8
ECA0
E308
0000
FCA8
FC10
0003
E308
0003
FC20
FC10
0000
FDE8
ECA0
E308
0000
FDC8
FCA0
EA88
62BF
EC10
0016
EA87
0000
FCA8
FC10
62C6
E305
62DE
EA87
0003
FDE0
FC10
0000
FDE8
ECA0
E308
0001
EC10
000D
E308
16F5
EC10
000E
E308
62D9
EC10
005F
EA87
0000
FCA8
FC10
0005
E308
0003
FC10
0000
FDE8
ECA0
E308
0001
EC10
000D
E308
248D
EC10
000E
E308
62F0
EC10
005F
EA87
0000
FCA8
FC10
0005
E308
0000
FDC8
FCA0
EA88
0036
EA87
0002
FC20
FC10
0000
FDE8
ECA0
E308
0000
FCA8
FC10
0003
E308
0003
FDE0
EDE0
FC10
0000
FDE8
ECA0
E308
0036
EA87
0002
FC20
FC10
0000
FDE8
ECA0
E308
0000
FCA8
FC10
0003
E308
0002
FDE0
FC10
0000
FDE8
ECA0
E308
0000
FDC8
FCA0
EA88
632C
EC10
0026
EA87
0002
FDE0
FC10
0000
FDE8
ECA0
E308
0003
FDE0
EDE0
FC10
0000
FDE8
ECA0
E308
633F
EC10
0016
EA87
0000
FCA8
FC10
ECA0
F548
0002
FDE0
FC10
0000
FDE8
ECA0
E308
0003
FDE0
EDE0
FC10
0000
FDE8
ECA0
E308
6357
EC10
0006
EA87
0000
FCA8
FC10
ECA0
F548
0000
FCA8
FC10
6363
E305
637A
EA87
000F
EC10
0000
FDE8
ECA0
E308
0001
EC10
000D
E308
6AD9
EC10
000E
E308
6375
EC10
005F
EA87
0000
FCA8
FC10
0005
E308
0002
FDE0
FC10
0000
FDE8
ECA0
E308
0003
FDE0
FC10
0000
FDE8
ECA0
E308
0000
FCA8
FC10
ECA0
F088
0000
FCA8
FC10
0004
E308
0004
FC20
FC10
0000
FDE8
ECA0
E308
0036
EA87
0002
FC20
FC10
0000
FDE8
ECA0
E308
0000
FCA8
FC10
0003
E308
0002
FDE0
FC10
0000
FDE8
ECA0
E308
0000
FDC8
FCA0
EA88
63B6
EC10
0026
EA87
0002
FDE0
FC10
0000
FDE8
ECA0
E308
0003
FDE0
EDE0
FC10
0000
FDE8
ECA0
E308
63C9
EC10
0016
EA87
0000
FCA8
FC10
ECA0
F548
0002
FDE0
FC10
0000
FDE8
ECA0
E308
0003
FDE0
EDE0
FC10
0000
FDE8
ECA0
E308
63E1
EC10
0006
EA87
0000
FCA8
FC10
ECA0
F548
0000
FCA8
FC10
63ED
E305
6404
EA87
0010
EC10
0000
FDE8
ECA0
E308
0001
EC10
000D
E308
6AD9
EC10
000E
E308
63FF
EC10
005F
EA87
0000
FCA8
FC10
0005
E308
0002
FDE0
FC10
0000
FDE8
ECA0
E308
0003
FDE0
FC10
0000
FDE8
ECA0
E308
0000
FCA8
FC10
ECA0
F088
0002
FDE0
EDE0
FC10
0000
FDE8
ECA0
E308
0000
FCA8
FC10
0005
E308
0000
FCA8
FC10
0004
E308
0005
FC10
0000
FDE8
ECA0
E308
0000
FCA8
FC10
0004
FC20
E308
0000
FDC8
FCA0
EA88
0036
EA87
0002
FC20
FC10
0000
FDE8
ECA0
E308
0000
FCA8
FC10
0003
E308
0003
FDE0
EDE0
FC10
0000
FDE8
ECA0
E308
0003
FC20
FC10
0000
FDE8
ECA0
E308
645A
EC10
0006
EA87
0000
FCA8
FC10
6461
E305
6478
EA87
0011
EC10
0000
FDE8
ECA0
E308
0001
EC10
000D
E308
6AD9
EC10
000E
E308
6473
EC10
005F
EA87
0000
FCA8
FC10
0005
E308
0003
FDE0
EDE0
FC10
0000
FDE8
ECA0
E308
0003
FDE0
FC10
0000
FDE8
ECA0
E308
0000
FCA8
FC10
ECA0
F088
0002
FDE0
FC10
0000
FDE8
ECA0
E308
0000
FCA8
FC10
0005
E308
0000
FCA8
FC10
0004
E308
0005
FC10
0000
FDE8
ECA0
E308
0000
FCA8
FC10
0004
FC20
E308
0003
FDE0
EDE0
FC10
0000
FDE8
ECA0
E308
0000
FDC8
FCA0
EFC8
0000
FCA8
FC10
ECA0
F088
0000
FCA8
FC10
0003
FDE0
EDE0
E308
0003
FC10
0000
FDE8
ECA0
E308
0036
EA87
0002
FC20
FC10
0000
FDE8
ECA0
E308
0000
FCA8
FC10
0003
E308
0003
FDE0
EDE0
FC10
0000
FDE8
ECA0
E308
0000
FDC8
FCA0
EA88
64E5
EC10
0006
EA87
0000
FCA8
FC10
64EC
E305
6503
EA87
0012
EC10
0000
FDE8
ECA0
E308
0001
EC10
000D
E308
6AD9
EC10
000E
E308
64FE
EC10
005F
EA87
0000
FCA8
FC10
0005
E308
0003
FDE0
EDE0
FC10
0000
FDE8
ECA0
E308
0000
FDC8
FCA0
EFC8
0000
FCA8
FC10
ECA0
F1C8
0000
FCA8
FC10
0003
FDE0
EDE0
E308
0000
FDC8
FCA0
EA88
0036
EA87
0005
EC10
E390
0000
FDE8
ECA0
EA88
6523
E301
0002
FC20
FC10
0000
FDE8
ECA0
E308
0000
FCA8
FC10
0003
E308
0003
FDE0
EDE0
FC10
0000
FDE8
ECA0
E308
0000
FDC8
FCA0
EA88
6546
EC10
0006
EA87
0000
FCA8
FC10
654D
E305
6553
EA87
0000
FDC8
FCA0
EA88
0036
EA87
0000
FDC8
FCA0
EA88
0000
FCA0
FC48
0000
FCA8
FC10
0001
FDE0
EDE0
EDE0
E308
0000
FDC8
FCA0
EA88
0003
FDE0
FC10
0000
FDE8
ECA0
E308
0000
FCA8
FC10
ECA0
F088
0000
FCA8
FC10
0004
E308
0004
FC20
FC10
0000
FDE8
ECA0
E308
002D
EC10
0000
FDE8
ECA0
E308
6588
EC10
0006
EA87
0000
FCA8
FC10
658F
E305
65A9
EA87
0000
FDC8
FCA0
EA88
0000
FCA0
FC48
0000
FCA8
FC10
0001
FDE0
EDE0
EDE0
EDE0
E308
0000
FDC8
FCA0
EFC8
0000
FCA8
FC10
0001
FC20
E308
0001
FC20
FC10
0000
FDE8
ECA0
E308
0003
FDE0
EDE0
FC10
0000
FDE8
ECA0
E308
65BC
EC10
0026
EA87
0001
FC10
0003
E0A0
FC10
0000
FDE8
ECA0
E308
0000
FCA8
FC10
ECA0
F008
0000
FCA0
FC48
0000
FCA8
FC10
6689
E305
0001
FC20
FC10
0000
FDE8
ECA0
E308
0003
FDE0
FC10
0000
FDE8
ECA0
E308
0000
FCA8
FC10
ECA0
F088
0000
FCA8
FC10
0004
E308
0004
FC20
FC10
0000
FDE8
ECA0
E308
0030
EC10
0000
FDE8
ECA0
E308
0000
FCA8
FC10
ECA0
F1C8
0000
FCA8
FC10
0001
FDE0
EDE0
E308
0001
FDE0
EDE0
FC10
0000
FDE8
ECA0
E308
0000
FDC8
FCA0
EA88
6613
EC10
0026
EA87
0001
FDE0
EDE0
FC10
0000
FDE8
ECA0
E308
0009
EC10
0000
FDE8
ECA0
E308
6625
EC10
0016
EA87
0000
FCA8
FC10
ECA0
F548
0000
FCA0
FC48
0000
FCA8
FC10
0001
FDE0
EDE0
EDE0
E308
0001
FC10
0003
E0A0
FC10
0000
FDE8
ECA0
E308
0000
FCA8
FC10
6645
E305
6687
EA87
0001
FDE0
FC10
0000
FDE8
ECA0
E308
000A
EC10
0000
FDE8
ECA0
E308
0002
EC10
000D
E308
1AA6
EC10
000E
E308
665E
EC10
005F
EA87
0001
FDE0
EDE0
FC10
0000
FDE8
ECA0
E308
0000
FCA8
FC10
ECA0
F088
0000
FCA8
FC10
0001
FDE0
E308
0001
FC20
FC10
0000
FDE8
ECA0
E308
0000
FDC8
FCA0
EFC8
0000
FCA8
FC10
ECA0
F088
0000
FCA8
FC10
0001
FC20
E308
65A9
EA87
0001
FC10
0004
E0A0
FC10
0000
FDE8
ECA0
E308
0000
FCA8
FC10
6699
E305
66AA
EA87
0001
FDE0
FC10
0000
FDE8
ECA0
E308
0000
FCA0
FC50
E7C8
0000
FCA8
FC10
0001
FDE0
E308
0001
FDE0
FC10
0000
FDE8
ECA0
E308
0036
EA87
0004
EC10
E390
0000
FDE8
ECA0
EA88
66B5
E301
0002
FC20
FC10
0000
FDE8
ECA0
E308
0000
FCA8
FC10
0003
E308
0003
FC20
FC10
0000
FDE8
ECA0
E308
0000
FDC8
FCA0
EA88
66D7
EC10
0006
EA87
0000
FCA8
FC10
66DE
E305
66F5
EA87
0013
EC10
0000
FDE8
ECA0
E308
0001
EC10
000D
E308
6AD9
EC10
000E
E308
66F0
EC10
005F
EA87
0000
FCA8
FC10
0005
E308
0006
EC10
0000
FDE8
ECA0
E308
0001
EC10
000D
E308
16B0
EC10
000E
E308
6707
EC10
005F
EA87
0000
FCA8
FC10
0001
FDE0
EDE0
E308
0002
FDE0
FC10
0000
FDE8
ECA0
E308
0000
FDC8
FCA0
EA88
671D
EC10
0026
EA87
0000
FCA8
FC10
6724
E305
6744
EA87
0000
FDC8
FCA0
EA88
0000
FCA0
FC48
0000
FCA8
FC10
0001
FDE0
EDE0
EDE0
E308
0002
FDE0
FC10
0000
FDE8
ECA0
E308
0000
FCA0
FC50
E7C8
0000
FCA8
FC10
0002
FDE0
E308
0002
FDE0
FC10
0000
FDE8
ECA0
E308
0000
FCA8
FC10
0001
FDE0
E308
0001
FDE0
FC10
0000
FDE8
ECA0
E308
0000
FDC8
FCA0
EA88
6760
EC10
0016
EA87
0000
FCA0
FC48
0000
FCA8
FC10
6806
E305
0002
FDE0
FC10
0000
FDE8
ECA0
E308
000A
EC10
0000
FDE8
ECA0
E308
0002
EC10
000D
E308
1C77
EC10
000E
E308
6781
EC10
005F
EA87
0000
FCA8
FC10
0001
FDE0
E308
0001
FC20
FC10
0000
FDE8
ECA0
E308
0001
FDE0
EDE0
FC10
0000
FDE8
ECA0
E308
0000
FCA8
FC10
ECA0
F088
0030
EC10
0000
FDE8
ECA0
E308
0002
FDE0
FC10
0000
FDE8
ECA0
E308
0001
FDE0
FC10
0000
FDE8
ECA0
E308
000A
EC10
0000
FDE8
ECA0
E308
0002
EC10
000D
E308
1AA6
EC10
000E
E308
67C1
EC10
005F
EA87
0000
FCA8
FC10
ECA0
F1C8
0000
FCA8
FC10
ECA0
F088
0000
FCA8
FC10
0005
E308
0000
FCA8
FC10
0004
E308
0005
FC10
0000
FDE8
ECA0
E308
0000
FCA8
FC10
0004
FC20
E308
0001
FC20
FC10
0000
FDE8
ECA0
E308
0000
FDC8
FCA0
EFC8
0000
FCA8
FC10
ECA0
F088
0000
FCA8
FC10
0001
FC20
E308
0001
FDE0
FC10
0000
FDE8
ECA0
E308
0000
FCA8
FC10
0002
FDE0
E308
6751
EA87
0001
FC10
0003
E0A0
FC10
0000
FDE8
ECA0
E308
0000
FCA8
FC10
6816
E305
685C
EA87
0001
FC20
FC10
0000
FDE8
ECA0
E308
0001
FDE0
EDE0
FC10
0000
FDE8
ECA0
E308
0000
FCA8
FC10
ECA0
F088
002D
EC10
0000
FDE8
ECA0
E308
0000
FCA8
FC10
0005
E308
0000
FCA8
FC10
0004
E308
0005
FC10
0000
FDE8
ECA0
E308
0000
FCA8
FC10
0004
FC20
E308
0001
FC20
FC10
0000
FDE8
ECA0
E308
0000
FDC8
FCA0
EFC8
0000
FCA8
FC10
ECA0
F088
0000
FCA8
FC10
0001
FC20
E308
0003
FC20
FC10
0000
FDE8
ECA0
E308
0001
FC20
FC10
0000
FDE8
ECA0
E308
686E
EC10
0026
EA87
0000
FCA8
FC10
6875
E305
688C
EA87
0013
EC10
0000
FDE8
ECA0
E308
0001
EC10
000D
E308
6AD9
EC10
000E
E308
6887
EC10
005F
EA87
0000
FCA8
FC10
0005
E308
0001
FC20
FC10
0000
FDE8
ECA0
E308
0000
FDC8
FCA0
EA88
689B
EC10
0006
EA87
0000
FCA8
FC10
68A2
E305
68DB
EA87
0000
FDC8
FCA0
EA88
0003
FDE0
FC10
0000
FDE8
ECA0
E308
0000
FCA8
FC10
ECA0
F088
0030
EC10
0000
FDE8
ECA0
E308
0000
FCA8
FC10
0005
E308
0000
FCA8
FC10
0004
E308
0005
FC10
0000
FDE8
ECA0
E308
0000
FCA8
FC10
0004
FC20
E308
0000
FDC8
FCA0
EFC8
0000
FCA8
FC10
0003
FDE0
EDE0
E308
697B
EA87
0000
FDC8
FCA0
EA88
0000
FCA8
FC10
0003
FDE0
EDE0
E308
0003
FDE0
EDE0
FC10
0000
FDE8
ECA0
E308
0001
FC20
FC10
0000
FDE8
ECA0
E308
68F9
EC10
0026
EA87
0000
FCA0
FC48
0000
FCA8
FC10
697B
E305
0003
FDE0
EDE0
FC10
0000
FDE8
ECA0
E308
0003
FDE0
FC10
0000
FDE8
ECA0
E308
0000
FCA8
FC10
ECA0
F088
0001
FC20
FC10
0000
FDE8
ECA0
E308
0003
FDE0
EDE0
FC10
0000
FDE8
ECA0
E308
0000
FDC8
FCA0
EFC8
0000
FCA8
FC10
ECA0
F088
0000
FCA8
FC10
ECA0
F1C8
0001
FDE0
EDE0
FC10
0000
FDE8
ECA0
E308
0000
FCA8
FC10
ECA0
F088
0000
FCA8
FC10
0004
E308
0004
FC20
FC10
0000
FDE8
ECA0
E308
0000
FCA8
FC10
0005
E308
0000
FCA8
FC10
0004
E308
0005
FC10
0000
FDE8
ECA0
E308
0000
FCA8
FC10
0004
FC20
E308
0003
FDE0
EDE0
FC10
0000
FDE8
ECA0
E308
0000
FDC8
FCA0
EFC8
0000
FCA8
FC10
ECA0
F088
0000
FCA8
FC10
0003
FDE0
EDE0
E308
68E6
EA87
0001
FDE0
EDE0
FC10
0000
FDE8
ECA0
E308
0001
EC10
000D
E308
16F5
EC10
000E
E308
698F
EC10
005F
EA87
0000
FCA8
FC10
0005
E308
0000
FDC8
FCA0
EA88
0036
EA87
0080
EC10
0000
FDE8
ECA0
E308
0036
EA87
0081
EC10
0000
FDE8
ECA0
E308
0036
EA87
0022
EC10
0000
FDE8
ECA0
E308
0036
EA87
0000
EC10
000D
E308
2105
EC10
000E
E308
69BE
EC10
005F
EA87
0000
FCA8
FC10
0005
E308
0000
EC10
000D
E308
1969
EC10
000E
E308
69CF
EC10
005F
EA87
0000
FCA8
FC10
0005
E308
0000
EC10
000D
E308
4F69
EC10
000E
E308
69E0
EC10
005F
EA87
0000
FCA8
FC10
0005
E308
0000
EC10
000D
E308
267E
EC10
000E
E308
69F1
EC10
005F
EA87
0000
FCA8
FC10
0005
E308
0000
EC10
000D
E308
171E
EC10
000E
E308
6A02
EC10
005F
EA87
0000
FCA8
FC10
0005
E308
0000
EC10
000D
E308
0EFD
EC10
000E
E308
6A13
EC10
005F
EA87
0000
FCA8
FC10
0005
E308
0000
EC10
000D
E308
6A29
EC10
000E
E308
6A24
EC10
005F
EA87
0000
FCA8
FC10
0005
E308
0000
FDC8
FCA0
EA88
0000
FCA0
FC48
0000
FCA0
FC48
0000
FCA8
FC10
6A3A
E305
6A29
EA87
0000
FDE8
ECA0
EA88
0002
FC20
FC10
0000
FDE8
ECA0
E308
0000
FDC8
FCA0
EA88
6A4D
EC10
0026
EA87
0000
FCA8
FC10
6A54
E305
6A69
EA87
0000
FDC8
FCA0
EFC8
0001
EC10
000D
E308
6AD9
EC10
000E
E308
6A64
EC10
005F
EA87
0000
FCA8
FC10
0005
E308
0002
FC20
FC10
0000
FDE8
ECA0
E308
0000
FDC8
FCA0
EA88
6A78
EC10
0016
EA87
0000
FCA0
FC48
0000
FCA8
FC10
6AD3
E305
0032
EC10
0000
FDE8
ECA0
E308
0000
FCA8
FC10
0001
FC20
E308
0001
FC20
FC10
0000
FDE8
ECA0
E308
0000
FDC8
FCA0
EA88
6A9B
EC10
0016
EA87
0000
FCA0
FC48
0000
FCA8
FC10
6ABB
E305
0001
FC20
FC10
0000
FDE8
ECA0
E308
0000
FDC8
FCA0
EFC8
0000
FCA8
FC10
ECA0
F1C8
0000
FCA8
FC10
0001
FC20
E308
6A8C
EA87
0002
FC20
FC10
0000
FDE8
ECA0
E308
0000
FDC8
FCA0
EFC8
0000
FCA8
FC10
ECA0
F1C8
0000
FCA8
FC10
0002
FC20
E308
6A69
EA87
0000
FDC8
FCA0
EA88
0036
EA87
0003
EC10
0000
FDE8
ECA0
E308
0001
EC10
000D
E308
6211
EC10
000E
E308
6AEB
EC10
005F
EA87
0045
EC10
0000
FDE8
ECA0
E308
0002
EC10
000D
E308
643B
EC10
000E
E308
6AFD
EC10
005F
EA87
0052
EC10
0000
FDE8
ECA0
E308
0002
EC10
000D
E308
643B
EC10
000E
E308
6B0F
EC10
005F
EA87
0052
EC10
0000
FDE8
ECA0
E308
0002
EC10
000D
E308
643B
EC10
000E
E308
6B21
EC10
005F
EA87
0001
EC10
000D
E308
4D8A
EC10
000E
E308
6B2D
EC10
005F
EA87
0000
FCA8
FC10
0005
E308
0002
FC20
FC10
0000
FDE8
ECA0
E308
0001
EC10
000D
E308
4E0D
EC10
000E
E308
6B45
EC10
005F
EA87
0000
FCA8
FC10
0005
E308
0000
EC10
000D
E308
6A29
EC10
000E
E308
6B56
EC10
005F
EA87
0000
FCA8
FC10
0005
E308